Date,Instrument,CF_NAME,1 Week Total Return,Company Market Cap,Return
2022-07-01,TAQA.AD,AD NATL ENERGY,4.02456e-10,38267933480.3681,4.02456e-12
2022-07-07,TAQA.AD,,-3.19999999977667,37042350995.1806,-0.0319999999977667
2022-07-15,TAQA.AD,,-3.38918e-10,37042350995.1806,-3.38918e-12
2022-07-22,TAQA.AD,,1.65289256165548,37654621259.5638,0.0165289256165548
2022-07-29,TAQA.AD,,-2.42573e-10,37654621259.5638,-2.42573e-12
2022-08-05,TAQA.AD,,2.4390243895541,38573026656.1385,0.024390243895540998
2022-08-12,TAQA.AD,,1.58730158795954,39183163168.0688,0.0158730158795954
2022-08-19,TAQA.AD,,-1.88238189044755,38266891523.9469,-0.0188238189044755
2022-08-26,TAQA.AD,,6.11333e-10,38266891523.9469,6.11333e-12
2022-09-02,TAQA.AD,,-0.799999999549139,37960756391.7553,-0.00799999999549139
2022-09-09,TAQA.AD,,-2.42584e-10,37960756391.7553,-2.4258399999999997e-12
2022-09-16,TAQA.AD,,51.6129032252909,57553404852.0162,0.516129032252909
2022-09-23,TAQA.AD,,22.3404255320667,70412997603.8773,0.223404255320667
2022-09-30,TAQA.AD,,4.78260869556744,73778566858.1697,0.0478260869556744
2022-10-07,TAQA.AD,,6.63900415016134,78676728973.2349,0.0663900415016134
2022-10-14,TAQA.AD,,-1.94552529185876,77146053312.2771,-0.0194552529185876
2022-10-21,TAQA.AD,,3.57142857051345,79901269502.0012,0.0357142857051345
2022-10-28,TAQA.AD,,11.8773946354147,89393892610.1399,0.118773946354147
2022-11-04,TAQA.AD,,26.0273972602953,112654661293.835,0.260273972602953
2022-11-11,TAQA.AD,,5.70652173841872,119089808990.905,0.057065217384187204
2022-11-18,TAQA.AD,,-3.44473007693304,114800674571.841,-0.0344473007693304
2022-11-25,TAQA.AD,,0.533333333253072,115416087376.79,0.00533333333253072
2022-11-30,TAQA.AD,,-7.42705570365063,106841161134.859,-0.0742705570365063
2022-12-09,TAQA.AD,,4.01146131768639,111130078826.989,0.0401146131768639
2022-12-16,TAQA.AD,,-4.95867768579384,105625248475.111,-0.0495867768579384
2022-12-23,TAQA.AD,,0.579710145024803,106237568756.126,0.00579710145024803
2022-12-30,TAQA.AD,,-1.15273775231267,105021507448.054,-0.0115273775231267
2023-01-06,TAQA.AD,,4.95626822122097,110220651907.523,0.0495626822122097
2023-01-13,TAQA.AD,,-1.66666666692896,108368886135.918,-0.0166666666692896
2023-01-20,TAQA.AD,,-1.41242937879137,106841161134.859,-0.0141242937879137
2023-01-27,TAQA.AD,,-10.6017191985519,95521963838.3618,-0.106017191985519
2023-02-03,TAQA.AD,,2.56410256435977,97963242301.3042,0.0256410256435977
2023-02-10,TAQA.AD,,-1.87499999983609,96123814256.1533,-0.0187499999983609
2023-02-17,TAQA.AD,,9.87261146504934,105613744962.971,0.0987261146504934
2023-02-24,TAQA.AD,,-1.15942029033774,104394922534.444,-0.0115942029033774
2023-03-03,TAQA.AD,,2.05278592464167,106535026002.668,0.0205278592464167
2023-03-10,TAQA.AD,,-2.29885057450989,104091613342.409,-0.022988505745098902
2023-03-17,TAQA.AD,,-2.94117647092123,101032846367.498,-0.0294117647092123
2023-03-24,TAQA.AD,,-0.212121212745298,99813641686.1826,-0.00212121212745298
2023-03-31,TAQA.AD,,7.05521472425206,106849889037.141,0.07055214724252061
2023-04-07,TAQA.AD,,-6.59025788049455,99813641686.1826,-0.0659025788049455
2023-04-14,TAQA.AD,,-2.4539877308741,97374833868.9471,-0.024539877308741
2023-04-19,TAQA.AD,,4.17e-11,97369530228.7581,4.1700000000000004e-13
2023-04-28,TAQA.AD,,2.20125786133054,99518305054.7415,0.022012578613305397
2023-05-05,TAQA.AD,,-2.15384615431937,97369530228.7581,-0.0215384615431937
2023-05-12,TAQA.AD,,-2.20125786196562,95231362683.1526,-0.0220125786196562
2023-05-19,TAQA.AD,,0.209003214847869,95231362683.1526,0.0020900321484786898
2023-05-26,TAQA.AD,,0.0,95233956341.749,0.0
2023-06-02,TAQA.AD,,-4.50160771707878,90929561730.7482,-0.0450160771707878
2023-06-09,TAQA.AD,,2.0202020202998,92761470756.4123,0.020202020202997998
2023-06-16,TAQA.AD,,2.97029702933769,95521963838.3618,0.0297029702933769
2023-06-23,TAQA.AD,,5.12820512854426,100420526086.482,0.0512820512854426
2023-06-26,TAQA.AD,,7.62195122,108068644148.559,0.07621951219999999
2023-07-07,TAQA.AD,,-4.53257790473062,103175967351.051,-0.0453257790473062
2023-07-14,TAQA.AD,,-3.26409495613366,99802770516.8001,-0.0326409495613366
2023-07-20,TAQA.AD,,0.613496931980784,100415057452.485,0.0061349693198078405
2023-07-28,TAQA.AD,,-0.914634146572502,99504755194.2924,-0.00914634146572502
2023-08-04,TAQA.AD,,1.53846153828561,101032846367.498,0.0153846153828561
2023-08-11,TAQA.AD,,2.12121212111438,103170348663.072,0.0212121212111438
2023-08-18,TAQA.AD,,0.192878338195412,103175967351.051,0.0019287833819541201
2023-08-25,TAQA.AD,,0.89020771454349,104083110978.0,0.0089020771454349
2023-09-01,TAQA.AD,,1.47058823529105,105619496405.816,0.0147058823529105
2023-09-08,TAQA.AD,,-1.44927536260705,104088779066.601,-0.0144927536260705
2023-09-15,TAQA.AD,,2.64705882296348,106844070277.188,0.0264705882296348
2023-09-22,TAQA.AD,,3.72492836674254,110823935359.146,0.0372492836674254
2023-09-28,TAQA.AD,,-3.31491712752078,107150213745.031,-0.0331491712752078
2023-10-06,TAQA.AD,,-3.71428571282176,103170348663.072,-0.037142857128217605
2023-10-13,TAQA.AD,,-4.4510385770653,98578196645.4283,-0.044510385770653
2023-10-20,TAQA.AD,,-5.27950310635171,93366130986.414,-0.0527950310635171
2023-10-27,TAQA.AD,,-1.96721311483313,91536896885.0406,-0.0196721311483313
2023-11-03,TAQA.AD,,6.68896321049384,97651789457.9215,0.06688963210493841
2023-11-10,TAQA.AD,,2.19435736666609,99797335820.0828,0.0219435736666609
2023-11-17,TAQA.AD,,-0.414110429261938,99185082226.0945,-0.00414110429261938
2023-11-24,TAQA.AD,,0.308641975192314,99502045664.9603,0.00308641975192314
2023-12-01,TAQA.AD,,-2.46153846104131,97065980146.5182,-0.0246153846104131
2023-12-08,TAQA.AD,,-0.630914826441198,96456203360.7495,-0.00630914826441198
2023-12-15,TAQA.AD,,2.53968253977075,98897804389.8587,0.0253968253977075
2023-12-22,TAQA.AD,,-0.9287925697128,97976580796.2529,-0.009287925697128
2023-12-29,TAQA.AD,,9.37500000053797,107158967132.315,0.0937500000053797
2024-01-05,TAQA.AD,,-6.57142857217572,100117092149.334,-0.0657142857217572
2024-01-12,TAQA.AD,,-2.75229357871642,97350972036.9211,-0.0275229357871642
2024-01-19,TAQA.AD,,0.314465408343989,97657107169.1126,0.00314465408343989
2024-01-26,TAQA.AD,,-0.313479623725843,97353622774.0565,-0.00313479623725843
2024-02-02,TAQA.AD,,-0.628930817761952,96741335838.3706,-0.00628930817761952
2024-02-09,TAQA.AD,,-0.316455695025741,96437818243.7032,-0.00316455695025741
2024-02-16,TAQA.AD,,-2.55684e-10,96432566640.3463,-2.5568400000000002e-12
2024-02-23,TAQA.AD,,-0.317460317460339,96134284119.377,-0.0031746031746033897
2024-03-01,TAQA.AD,,-1.59235668789809,94593180271.1828,-0.0159235668789809
2024-03-08,TAQA.AD,,-0.323624595469274,94287053474.1886,-0.0032362459546927402
2024-03-15,TAQA.AD,,2.59740259740262,96751873536.2998,0.0259740259740262
2024-03-22,TAQA.AD,,3.48101265822784,99515594787.4397,0.0348101265822784
2024-03-29,TAQA.AD,,-7.69230769230769,91855545872.9337,-0.0769230769230769
2024-04-05,TAQA.AD,,-1.1e-14,91850543256.2699,-1.1e-16
2024-04-05,TAQA.AD,,0.0,91850543256.2699,0.0
2024-04-19,TAQA.AD,,-0.33333333333333,91546867681.4988,-0.0033333333333332997
2024-04-26,TAQA.AD,,-6.35451505016724,85724839342.1196,-0.0635451505016724
2024-05-03,TAQA.AD,,-1.78571428571426,84196331318.2474,-0.0178571428571426
2024-05-10,TAQA.AD,,7.63636363636364,90623401590.2407,0.0763636363636364
2024-05-17,TAQA.AD,,-2.02702702702702,88774354052.6559,-0.020270270270270202
2024-05-24,TAQA.AD,,-11.1545477261369,78678871235.6369,-0.11154547726136901
2024-05-31,TAQA.AD,,1.16731517509727,79601636531.9682,0.011673151750972699
2024-06-07,TAQA.AD,,1.53846153846153,80826277093.9985,0.0153846153846153
2024-06-14,TAQA.AD,,6.06060606060606,85713169430.1506,0.060606060606060594
2024-06-21,TAQA.AD,,-2.49999999999999,83568064933.297,-0.024999999999999897
2022-06-30,2082.SE,ACWA POWER,5.35966149506348,29112262990.1116,0.0535966149506348
2022-07-06,2082.SE,,-0.697670669531891,28746189296.5715,-0.00697670669531891
2022-07-14,2082.SE,,0.813008130081316,28980670167.6168,0.00813008130081316
2022-07-21,2082.SE,,16.9354838709678,33855316792.0159,0.16935483870967802
2022-07-28,2082.SE,,0.459770114942537,34026367918.739,0.00459770114942537
2022-08-04,2082.SE,,-0.91533180778034,33713118493.8232,-0.0091533180778034
2022-08-11,2082.SE,,0.577367205542712,33907766983.9723,0.00577367205542712
2022-08-18,2082.SE,,0.459242250287018,34068020922.6467,0.00459242250287018
2022-08-25,2082.SE,,0.0,34063485776.0915,0.0
2022-09-01,2082.SE,,-1.71428571428572,33475084091.0421,-0.0171428571428572
2022-09-08,2082.SE,,-6.51162790697674,31280322598.8345,-0.0651162790697674
2022-09-15,2082.SE,,-1.11940298507464,30944990526.0215,-0.011194029850746402
2022-09-21,2082.SE,,-5.53459119496856,29193454551.5884,-0.055345911949685606
2022-09-29,2082.SE,,11.8508655126498,32683542967.5359,0.11850865512649801
2022-10-06,2082.SE,,-1.66666666666667,32138817251.4103,-0.0166666666666667
2022-10-13,2082.SE,,-3.26876513317192,31100688591.5612,-0.0326876513317192
2022-10-20,2082.SE,,7.63454317897374,33479540305.6443,0.07634543178973739
2022-10-27,2082.SE,,2.32558139534882,34267257604.2609,0.023255813953488202
2022-11-03,2082.SE,,-2.27272727272727,33457271088.9982,-0.022727272727272697
2022-11-10,2082.SE,,-12.0930232558139,29407363401.1173,-0.120930232558139
2022-11-17,2082.SE,,-4.36507936507935,28131192339.9148,-0.043650793650793496
2022-11-24,2082.SE,,-2.21300138312585,27513773635.4829,-0.0221300138312585
2022-12-01,2082.SE,,-2.40452616690244,26840053897.8451,-0.0240452616690244
2022-12-08,2082.SE,,-4.20289855072463,25707206472.2717,-0.0420289855072463
2022-12-15,2082.SE,,12.7080181543117,28971771175.7978,0.127080181543117
2022-12-22,2082.SE,,0.134228187919438,29010659459.2553,0.00134228187919438
2022-12-29,2082.SE,,1.87667560321718,29566890729.8124,0.018766756032171802
2023-01-05,2082.SE,,2.63157894736843,30349004184.1405,0.026315789473684303
2023-01-12,2082.SE,,3.71794871794873,31496641412.3066,0.0371794871794873
2023-01-19,2082.SE,,0.0,31494125706.1235,0.0
2023-01-26,2082.SE,,-3.83189122373301,30305862970.5091,-0.038318912237330104
2023-02-02,2082.SE,,-4.88431876606684,28836382989.633,-0.0488431876606684
2023-02-09,2082.SE,,-2.56756756756755,28093743250.4929,-0.025675675675675497
2023-02-16,2082.SE,,2.08044382801664,28693510400.6825,0.0208044382801664
2023-02-23,2082.SE,,-5.70652173913041,27046734290.6793,-0.057065217391304095
2023-03-02,2082.SE,,0.432276657060515,27154965820.948,0.0043227665706051495
2023-03-09,2082.SE,,-0.286944045911031,27070554696.5903,-0.00286944045911031
2023-03-16,2082.SE,,-3.74100719424458,26044661396.7891,-0.037410071942445805
2023-03-23,2082.SE,,4.03587443946183,27092905858.6374,0.040358744394618305
2023-03-30,2082.SE,,1.0057471264368,27385076166.1871,0.010057471264368002
2023-04-06,2082.SE,,4.55192034139405,28649177661.8772,0.0455192034139405
2023-04-13,2082.SE,,0.408163265306105,28769947744.5878,0.0040816326530610505
2023-04-17,2082.SE,,5.6910569105691,30412937714.7276,0.056910569105691
2023-04-27,2082.SE,,0.384615384615361,30525026678.0601,0.00384615384615361
2023-05-04,2082.SE,,2.17113665389528,31191093149.8813,0.0217113665389528
2023-05-11,2082.SE,,2.12499999999998,31855602708.8877,0.0212499999999998
2023-05-18,2082.SE,,-5.5079559363525,30102615578.4421,-0.055079559363525
2023-05-25,2082.SE,,-0.388601036269454,29985636502.3601,-0.0038860103626945403
2023-06-01,2082.SE,,-2.99089726918076,29087245557.9317,-0.0299089726918076
2023-06-08,2082.SE,,4.69168900804289,30450304687.5716,0.0469168900804289
2023-06-15,2082.SE,,-0.640204865556992,30254553631.8259,-0.00640204865556992
2023-06-22,2082.SE,,7.47422680412371,32511513182.7561,0.0747422680412371
2023-06-22,2082.SE,,0.0,32511513182.7561,0.0
2023-07-06,2082.SE,,8.21549304701989,35001735706.243,0.08215493047019891
2023-07-13,2082.SE,,0.0,34998936836.2075,0.0
2023-07-20,2082.SE,,8.01781737193763,37811134714.0838,0.0801781737193763
2023-07-27,2082.SE,,-3.6082474226804,36446815420.2767,-0.036082474226804
2023-08-03,2082.SE,,-7.16577540106952,33859490170.3126,-0.0716577540106952
2023-08-10,2082.SE,,5.99078341013823,35864975508.1582,0.0599078341013823
2023-08-17,2082.SE,,2.71739130434785,36845461250.3333,0.027173913043478503
2023-08-24,2082.SE,,2.11640211640209,37613223782.3213,0.0211640211640209
2023-08-31,2082.SE,,0.0,37622249752.5663,0.0
2023-09-07,2082.SE,,-1.96891191709844,36879534147.4391,-0.019689119170984398
2023-09-14,2082.SE,,1.47991543340382,37427315816.0245,0.0147991543340382
2023-09-21,2082.SE,,-1.35416666666667,36919503192.1826,-0.0135416666666667
2023-09-28,2082.SE,,3.27349524815204,38131111375.7299,0.0327349524815204
2023-10-05,2082.SE,,-3.98773006134966,36608593282.549,-0.0398773006134966
2023-10-12,2082.SE,,3.3013844515442,37834332966.816,0.033013844515442
2023-10-19,2082.SE,,18.5567010309278,44831219385.1978,0.18556701030927802
2023-10-26,2082.SE,,-5.65217391304347,42289388562.7082,-0.0565217391304347
2023-11-02,2082.SE,,-0.460829493087567,42095628689.0228,-0.00460829493087567
2023-11-09,2082.SE,,-1.94444444444443,41283705503.4126,-0.0194444444444443
2023-11-16,2082.SE,,2.4551463644948,42333397692.6566,0.024551463644948
2023-11-23,2082.SE,,2.2119815668203,43236347124.97,0.022119815668202997
2023-11-30,2082.SE,,3.24616771866546,44629161897.1584,0.032461677186654596
2023-12-07,2082.SE,,2.3580786026201,45691296453.2608,0.023580786026201
2023-12-14,2082.SE,,8.7883959044369,49698877931.0621,0.087883959044369
2023-12-21,2082.SE,,-0.784313725490204,49310397333.3156,-0.007843137254902039
2023-12-28,2082.SE,,1.58102766798418,50107373820.7371,0.0158102766798418
2024-01-04,2082.SE,,-5.68093385214006,47255766175.0307,-0.056809338521400604
2024-01-11,2082.SE,,0.082508250825075,47296017240.9802,0.00082508250825075
2024-01-18,2082.SE,,3.05028854080791,48733484135.4486,0.030502885408079102
2024-01-25,2082.SE,,-2.08,47726190309.12,-0.0208
2024-02-01,2082.SE,,-0.571895424836588,47453246410.2933,-0.005718954248365879
2024-02-08,2082.SE,,0.246507806080531,47568953861.497,0.00246507806080531
2024-02-15,2082.SE,,3.19672131147539,49088291761.0261,0.0319672131147539
2024-02-21,2082.SE,,1.50913423351868,49894291707.5802,0.015091342335186799
2024-02-29,2082.SE,,3.28638497652582,51466676032.2116,0.032863849765258205
2024-03-07,2082.SE,,11.2878787878788,57271590555.9792,0.112878787878788
2024-03-14,2082.SE,,10.6194690265486,63358597388.1393,0.106194690265486
2024-03-21,2082.SE,,7.32307692307694,67998396212.2553,0.07323076923076939
2024-03-28,2082.SE,,-2.80963302752295,66084366502.5064,-0.028096330275229498
2024-04-04,2082.SE,,7.31563421828907,70911320251.6796,0.0731563421828907
2024-04-04,2082.SE,,0.0,70911320251.6796,0.0
2024-04-18,2082.SE,,19.956019791094,85055594358.988,0.19956019791094
2024-04-25,2082.SE,,-3.75802016498628,81872283695.5073,-0.037580201649862796
2024-05-02,2082.SE,,-2.88794720459654,79418658825.4366,-0.0288794720459654
2024-05-09,2082.SE,,-0.098376783079202,79342644825.5119,-0.00098376783079202
2024-05-16,2082.SE,,13.1462333825701,89775607847.0522,0.131462333825701
2024-05-23,2082.SE,,4.48215839860748,93799492794.0698,0.0448215839860748
2024-05-30,2082.SE,,-16.2015826738859,78598298847.407,-0.16201582673885898
2024-06-06,2082.SE,,-5.01988071570575,74654748528.5836,-0.050198807157057504
2024-06-13,2082.SE,,-13.1868131868132,64804982459.3809,-0.131868131868132
2024-06-13,2082.SE,,0.0,64804982459.3809,0.0
2022-07-01,DEWAA.DU,DUBAI ELECTRIC,1.19047619040089,34716549583.4014,0.0119047619040089
2022-07-07,DEWAA.DU,,-0.784313725337493,34443325074.1961,-0.00784313725337493
2022-07-15,DEWAA.DU,,1.5943e-11,34443325074.1961,1.5942999999999998e-13
2022-07-22,DEWAA.DU,,5.07505e-10,34443325074.1961,5.07505e-12
2022-07-29,DEWAA.DU,,0.395256917339903,34579464698.9952,0.00395256917339903
2022-08-05,DEWAA.DU,,0.393700788010287,34715604323.7944,0.00393700788010287
2022-08-12,DEWAA.DU,,1.56862744985054,35258242805.4126,0.0156862744985054
2022-08-19,DEWAA.DU,,-0.386100386138122,35124023198.1921,-0.00386100386138122
2022-08-26,DEWAA.DU,,0.775193797611084,35396302447.7904,0.00775193797611084
2022-09-02,DEWAA.DU,,-1.15384615343548,34987883573.3928,-0.0115384615343548
2022-09-09,DEWAA.DU,,-0.389105058016626,34851743948.5936,-0.0038910505801662597
2022-09-16,DEWAA.DU,,1.56249999994029,35396302447.7904,0.0156249999994029
2022-09-23,DEWAA.DU,,-3.46153846045425,34171976256.6029,-0.0346153846045425
2022-09-30,DEWAA.DU,,-0.398406375498017,34034906199.7985,-0.00398406375498017
2022-10-07,DEWAA.DU,,1.19999999931659,34443325074.1961,0.0119999999931659
2022-10-14,DEWAA.DU,,4.36584e-10,34443325074.1961,4.3658399999999995e-12
2022-10-21,DEWAA.DU,,0.464464690946298,33762626950.2001,0.00464464690946298
2022-10-28,DEWAA.DU,,-1.60094e-10,33763546261.5041,-1.60094e-12
2022-11-04,DEWAA.DU,,-0.806451613083903,33489435852.7553,-0.00806451613083903
2022-11-11,DEWAA.DU,,-2.97695e-10,33491259598.1048,-2.97695e-12
2022-11-18,DEWAA.DU,,-3.25203251932142,32401230702.2081,-0.0325203251932142
2022-11-25,DEWAA.DU,,0.42016806695877,32538256276.2075,0.0042016806695877006
2022-11-30,DEWAA.DU,,-2.51046025183495,31720532578.2122,-0.0251046025183495
2022-12-09,DEWAA.DU,,2.57510729639145,32538256276.2075,0.0257510729639145
2022-12-16,DEWAA.DU,,-1.25523012464624,32131576081.0369,-0.012552301246462401
2022-12-23,DEWAA.DU,,-0.828995435788693,31314671604.4003,-0.008289954357886929
2022-12-30,DEWAA.DU,,0.869565216078727,31589553661.3926,0.00869565216078727
2023-01-06,DEWAA.DU,,-1.29310344861838,31179369877.1886,-0.012931034486183799
2023-01-13,DEWAA.DU,,1.3100436680098,31583532999.3465,0.013100436680098
2023-01-20,DEWAA.DU,,3.01724137934669,32537370327.0073,0.0301724137934669
2023-01-27,DEWAA.DU,,-0.418410040701123,32403877573.2491,-0.00418410040701123
2023-02-03,DEWAA.DU,,-0.840336134952091,32128951452.6097,-0.00840336134952091
2023-02-10,DEWAA.DU,,3.38983050733401,33217164016.5541,0.0338983050733401
2023-02-17,DEWAA.DU,,-1.22950819535376,32808756262.2522,-0.0122950819535376
2023-02-24,DEWAA.DU,,-1.65975103760241,32265969612.8083,-0.0165975103760241
2023-03-03,DEWAA.DU,,1.6877637131274,32809649576.6057,0.016877637131274
2023-03-10,DEWAA.DU,,-0.829875518846501,32539142273.6555,-0.00829875518846501
2023-03-17,DEWAA.DU,,0.836820083444101,32812329811.5673,0.00836820083444101
2023-03-24,DEWAA.DU,,2.90456431503832,33767224007.407,0.029045643150383202
2023-03-31,DEWAA.DU,,0.806451611773751,34037686526.5221,0.00806451611773751
2023-04-07,DEWAA.DU,,-1.99999999981886,33358749523.4464,-0.0199999999981886
2023-04-14,DEWAA.DU,,1.63265306183493,33907075548.7771,0.0163265306183493
2023-04-19,DEWAA.DU,,-0.605062408111412,32407407407.4074,-0.00605062408111412
2023-04-28,DEWAA.DU,,4.20168067183913,33770902554.6053,0.042016806718391295
2023-05-05,DEWAA.DU,,-2.57561e-10,33769063180.8278,-2.5756099999999998e-12
2023-05-12,DEWAA.DU,,0.403225807276852,33907075548.7771,0.00403225807276852
2023-05-19,DEWAA.DU,,-3.08353e-10,33907075548.7771,-3.08353e-12
2023-05-26,DEWAA.DU,,-1.60642570252,33363292207.9691,-0.0160642570252
2023-06-02,DEWAA.DU,,1.6326530607943,33901535780.4161,0.016326530607943
2023-06-09,DEWAA.DU,,4.01606425730641,35261122910.1999,0.0401606425730641
2023-06-16,DEWAA.DU,,1.5444015444126,35807646225.9013,0.015444015444126
2023-06-23,DEWAA.DU,,-2.46803e-10,35807646225.9013,-2.46803e-12
2023-06-26,DEWAA.DU,,-0.380228137000005,35669552905.2987,-0.0038022813700000504
2023-07-07,DEWAA.DU,,2.67175572483509,36624550702.5378,0.0267175572483509
2023-07-14,DEWAA.DU,,0.371747211719309,36758699558.8956,0.00371747211719309
2023-07-20,DEWAA.DU,,0.370370369700934,36894842890.5952,0.00370370369700934
2023-07-28,DEWAA.DU,,-2.58302583040072,35944775753.6149,-0.0258302583040072
2023-08-04,DEWAA.DU,,-0.378787879349996,35807646225.9013,-0.0037878787934999603
2023-08-11,DEWAA.DU,,-0.760456274426835,35533409573.5991,-0.0076045627442683505
2023-08-18,DEWAA.DU,,8.68927e-10,35535344733.6891,8.68927e-12
2023-08-25,DEWAA.DU,,-1.91570881253315,34850795033.7617,-0.0191570881253315
2023-09-01,DEWAA.DU,,0.781249999433631,35124979578.5002,0.007812499994336311
2023-09-08,DEWAA.DU,,0.387596899540488,35261122910.1999,0.0038759689954048797
2023-09-15,DEWAA.DU,,-1.93050193010964,34580406251.7018,-0.0193050193010964
2023-09-22,DEWAA.DU,,1.18110236242608,34988836246.8006,0.0118110236242608
2023-09-28,DEWAA.DU,,-0.389105058138117,34852692915.101,-0.0038910505813811703
2023-10-06,DEWAA.DU,,3.60156e-10,34852692915.101,3.60156e-12
2023-10-13,DEWAA.DU,,-1.9531250002554,34171976256.6029,-0.019531250002554
2023-10-20,DEWAA.DU,,-2.77973818975558,32399466361.7305,-0.027797381897555803
2023-10-27,DEWAA.DU,,-0.840336134629482,32129826281.1087,-0.008403361346294819
2023-11-03,DEWAA.DU,,1.6949152540489,32671730784.9383,0.016949152540489
2023-11-10,DEWAA.DU,,-9.44378e-10,32672620344.1516,-9.44378e-12
2023-11-17,DEWAA.DU,,4.58333333246466,34170115443.2585,0.0458333333246466
2023-11-24,DEWAA.DU,,1.19521912434648,34581347855.6841,0.0119521912434648
2023-12-01,DEWAA.DU,,-0.393700786807938,34450829270.9496,-0.00393700786807938
2023-12-08,DEWAA.DU,,-0.790513833782658,34179421537.1208,-0.00790513833782658
2023-12-15,DEWAA.DU,,-3.58565737095087,32951172353.6941,-0.0358565737095087
2023-12-22,DEWAA.DU,,1.23966942174096,33358749523.4464,0.0123966942174096
2023-12-29,DEWAA.DU,,0.408163264734851,33493995588.5957,0.00408163264734851
2024-01-05,DEWAA.DU,,0.813008129598947,33766304495.8201,0.00813008129598947
2024-01-12,DEWAA.DU,,0.403225806028851,33898766574.9993,0.00403225806028851
2024-01-19,DEWAA.DU,,2.40963855260761,34715604323.7945,0.0240963855260761
2024-01-26,DEWAA.DU,,-1.56862745122885,34171976256.6029,-0.0156862745122885
2024-02-02,DEWAA.DU,,1.44018e-10,34171976256.6029,1.44018e-12
2024-02-09,DEWAA.DU,,-2.78884462157725,33219877467.6651,-0.0278884462157725
2024-02-16,DEWAA.DU,,1.63934426190084,33762626950.2001,0.0163934426190084
2024-02-23,DEWAA.DU,,-3.2258064516129,32672620344.1516,-0.032258064516129
2024-03-01,DEWAA.DU,,2.08333333333333,33353299934.6548,0.0208333333333333
2024-03-08,DEWAA.DU,,-0.816326530612244,33081028098.4535,-0.008163265306122441
2024-03-15,DEWAA.DU,,-0.411522633744865,32952967128.7344,-0.004115226337448649
2024-03-22,DEWAA.DU,,1.23966942148763,33359657961.3845,0.0123966942148763
2024-03-29,DEWAA.DU,,-0.40816326530615,33223496092.1544,-0.0040816326530615
2024-04-05,DEWAA.DU,,0.491803278688541,32540914413.3105,0.00491803278688541
2024-04-05,DEWAA.DU,,0.0,32540914413.3105,0.0
2024-04-19,DEWAA.DU,,-0.418410041841022,32405642394.2051,-0.00418410041841022
2024-04-26,DEWAA.DU,,-0.420168067226867,32264212589.8497,-0.00420168067226867
2024-05-03,DEWAA.DU,,2.2e-14,32268605506.0861,2.2e-16
2024-05-10,DEWAA.DU,,-0.421940928270059,32132451052.4739,-0.00421940928270059
2024-05-17,DEWAA.DU,,-2.1186440677966,31446540880.5031,-0.021186440677966
2024-05-24,DEWAA.DU,,-0.43290043290044,31312966290.9111,-0.0043290043290044
2024-05-31,DEWAA.DU,,-0.43478260869565,31178520858.2943,-0.0043478260869565
2024-06-07,DEWAA.DU,,-1.31004366812228,30765879822.4836,-0.0131004366812228
2024-06-14,DEWAA.DU,,-1.1e-14,30765879822.4836,-1.1e-16
2024-06-21,DEWAA.DU,,-2.21238938053097,30084399673.2916,-0.0221238938053097
2022-06-30,5110.SE,SAUDI ELECTRIC,5.40069686389995,26874802186.3589,0.054006968638999495
2022-07-06,5110.SE,,-1.07438016549244,26571900138.8156,-0.0107438016549244
2022-07-14,5110.SE,,-2.17209690884476,25995425208.4021,-0.021720969088447603
2022-07-21,5110.SE,,4.61144321068629,27167411435.1297,0.046114432106862904
2022-07-28,5110.SE,,0.571428570631505,27335020928.0579,0.00571428570631505
2022-08-04,5110.SE,,4.91071428514078,28675838689.4968,0.0491071428514078
2022-08-11,5110.SE,,0.77369439121131,28897702044.9281,0.0077369439121131
2022-08-18,5110.SE,,2.68714011483211,29678174557.6487,0.026871401148321098
2022-08-25,5110.SE,,-1.30841121496387,29285962916.9329,-0.013084112149638701
2022-09-01,5110.SE,,-4.1666666668758,28061978841.8741,-0.041666666668758
2022-09-08,5110.SE,,-1.34387351914538,27671601953.6492,-0.0134387351914538
2022-09-15,5110.SE,,2.56410256469526,28394729579.1295,0.0256410256469526
2022-09-21,5110.SE,,-2.14843749976562,27747753573.242,-0.021484374997656198
2022-09-29,5110.SE,,-2.03592814226712,27208145880.8142,-0.0203592814226712
2022-10-06,5110.SE,,5.74572127117348,28771450106.24,0.0574572127117348
2022-10-13,5110.SE,,-8.07387e-10,28782938772.5941,-8.07387e-12
2022-10-20,5110.SE,,0.578034681324979,28953167883.7859,0.00578034681324979
2022-10-27,5110.SE,,2.6819923362644,29737606988.5486,0.026819923362644
2022-11-03,5110.SE,,-3.17164179127879,28767622588.5991,-0.031716417912787905
2022-11-10,5110.SE,,-2.50481695521061,28043315647.6456,-0.025048169552106102
2022-11-17,5110.SE,,2.76679841997804,28826886426.2905,0.0276679841997804
2022-11-24,5110.SE,,-3.0016e-10,28832256990.392,-3.0015999999999997e-12
2022-12-01,5110.SE,,-6.53846153758553,26934884199.1221,-0.0653846153758553
2022-12-08,5110.SE,,-3.2921810711891,26043289265.7658,-0.032921810711891
2022-12-15,5110.SE,,1.02127659595039,26307164140.4521,0.0102127659595039
2022-12-22,5110.SE,,-3.11710193894097,25487143017.2872,-0.031171019389409704
2022-12-29,5110.SE,,0.434782608786488,25608172708.9264,0.00434782608786488
2023-01-05,5110.SE,,-0.086580086993504,25589405335.3379,-0.00086580086993504
2023-01-12,5110.SE,,1.55979202775409,26004462290.2787,0.0155979202775409
2023-01-19,5110.SE,,-0.426621160602503,25891453578.8338,-0.00426621160602503
2023-01-26,5110.SE,,-0.685518423970399,25729718579.4549,-0.00685518423970399
2023-02-02,5110.SE,,-0.086281277528633,25717110240.4924,-0.00086281277528633
2023-02-09,5110.SE,,-1.64075993157117,25293131990.0069,-0.0164075993157117
2023-02-16,5110.SE,,-2.0193151895288,24795599091.0254,-0.020193151895288
2023-02-23,5110.SE,,-5.28673835090385,23476583397.5052,-0.052867383509038496
2023-03-02,5110.SE,,2.93282876000514,24157384938.9571,0.0293282876000514
2023-03-09,5110.SE,,4.04411764659987,25128312192.7544,0.04044117646599869
2023-03-16,5110.SE,,-2.82685512381532,24405618874.3044,-0.028268551238153198
2023-03-23,5110.SE,,6.36363636422348,25955939427.362,0.06363636364223481
2023-03-30,5110.SE,,-0.170940171164335,25930208737.8516,-0.0017094017116433499
2023-04-06,5110.SE,,-0.171232876425287,25901678822.2216,-0.0017123287642528701
2023-04-13,5110.SE,,0.94339622555264,26149519677.1622,0.009433962255526401
2023-04-17,5110.SE,,1.3593882753077,26509940648.4893,0.013593882753077
2023-04-27,5110.SE,,1.42497904426615,26883400518.0366,0.014249790442661501
2023-05-04,5110.SE,,1.48760330577433,27286228860.7311,0.0148760330577433
2023-05-11,5110.SE,,-3.49417400971556,25554427280.6058,-0.0349417400971556
2023-05-18,5110.SE,,9.4347e-11,25555790219.7391,9.4347e-13
2023-05-25,5110.SE,,-2.52173913101016,24911339857.6762,-0.0252173913101016
2023-06-01,5110.SE,,-5.44157002715547,23554515580.3845,-0.05441570027155471
2023-06-08,5110.SE,,5.75471698069636,24908682860.6511,0.057547169806963595
2023-06-15,5110.SE,,1.6949152539373,25330188508.4257,0.016949152539373
2023-06-22,5110.SE,,-1.14035087807816,25037997437.9749,-0.011403508780781599
2023-06-22,5110.SE,,0.0,25037997437.9749,0.0
2023-07-06,5110.SE,,2.75066548397533,25723280043.5571,0.0275066548397533
2023-07-13,5110.SE,,-1.64075993006451,25299199591.0387,-0.0164075993006451
2023-07-20,5110.SE,,-0.790166813314119,25103308421.2631,-0.00790166813314119
2023-07-27,5110.SE,,0.176991150987948,25147739055.637,0.0017699115098794799
2023-08-03,5110.SE,,-4.1519434633614,24120981161.4288,-0.041519434633614
2023-08-10,5110.SE,,-2.58064516165581,23483468393.1694,-0.0258064516165581
2023-08-17,5110.SE,,-0.567644276461843,23353901656.2583,-0.0056764427646184305
2023-08-24,5110.SE,,-2.2835394862194,22813306221.7039,-0.022835394862194002
2023-08-31,5110.SE,,0.77896786717262,22996531654.5794,0.0077896786717262
2023-09-07,5110.SE,,-5.21739130378098,21795550337.3504,-0.0521739130378098
2023-09-14,5110.SE,,-0.305810397288397,21730055998.2402,-0.00305810397288397
2023-09-21,5110.SE,,-0.817995910297331,21551730392.7372,-0.00817995910297331
2023-09-28,5110.SE,,-1.75257731863618,21175713439.9648,-0.0175257731863618
2023-10-05,5110.SE,,-4.93179433465929,20130297274.4434,-0.049317943346592896
2023-10-12,5110.SE,,-1.54525386262444,19828220673.1754,-0.0154525386262444
2023-10-19,5110.SE,,-3.69955156924808,19084483774.5814,-0.0369955156924808
2023-10-26,5110.SE,,1.74621653143521,19414116989.5242,0.0174621653143521
2023-11-02,5110.SE,,-0.228832952869718,19370207424.8547,-0.00228832952869718
2023-11-09,5110.SE,,-0.802752294058273,19217786338.7811,-0.00802752294058273
2023-11-16,5110.SE,,6.93641618580818,20568359904.3388,0.0693641618580818
2023-11-23,5110.SE,,0.972972973767416,20752425667.0311,0.009729729737674159
2023-11-30,5110.SE,,-3.31905781585857,20058827184.2246,-0.0331905781585857
2023-12-07,5110.SE,,1.21816168348008,20307506782.4348,0.012181616834800799
2023-12-14,5110.SE,,-0.328227571772177,20237614445.8573,-0.00328227571772177
2023-12-21,5110.SE,,3.1833150388076,20882398155.741,0.031833150388076
2023-12-28,5110.SE,,0.85106382962874,21067421924.476,0.0085106382962874
2024-01-04,5110.SE,,2.32067510547154,21554029121.3802,0.0232067510547154
2024-01-11,5110.SE,,-1.6494845350515,21199064022.3461,-0.016494845350515
2024-01-18,5110.SE,,-4.71698113264778,20196953887.9349,-0.0471698113264778
2024-01-25,5110.SE,,4.62046204561253,21132963829.68,0.0462046204561253
2024-02-01,5110.SE,,-1.57728706621529,20799636324.48,-0.0157728706621529
2024-02-08,5110.SE,,4.70085470248729,21776816291.2989,0.0470085470248729
2024-02-15,5110.SE,,2.95918367344628,22420634415.9511,0.0295918367344628
2024-02-21,5110.SE,,-2.37859266600595,21915974195.7921,-0.023785926660059502
2024-02-29,5110.SE,,1.52284263959392,22220648578.7425,0.015228426395939201
2024-03-07,5110.SE,,-1.29999999999998,21930025838.7148,-0.0129999999999998
2024-03-14,5110.SE,,0.20263424518745,21976221444.3763,0.0020263424518745
2024-03-21,5110.SE,,0.404448938321522,22065104038.6913,0.00404448938321522
2024-03-28,5110.SE,,-0.402819738167171,21975049504.2395,-0.00402819738167171
2024-04-04,5110.SE,,0.606673407482306,22106008563.1065,0.00606673407482306
2024-04-04,5110.SE,,0.0,22106008563.1065,0.0
2024-04-18,5110.SE,,0.100502512562817,22126455918.2107,0.00100502512562817
2024-04-25,5110.SE,,-2.81124497991968,21507867286.6018,-0.0281124497991968
2024-05-02,5110.SE,,-5.06198347107437,20419142599.5734,-0.0506198347107437
2024-05-09,5110.SE,,-0.21762785636561,20375248124.76,-0.0021762785636561
2024-05-16,5110.SE,,-0.017231575138288,19598089458.6033,-0.00017231575138288002
2024-05-23,5110.SE,,1.0204081632653,19798069963.2829,0.010204081632653
2024-05-30,5110.SE,,-6.17283950617284,18574976292.9743,-0.061728395061728406
2024-06-06,5110.SE,,-0.717703349282295,18442154791.2223,-0.007177033492822949
2024-06-13,5110.SE,,-1.08433734939758,18240720516.7835,-0.010843373493975801
2024-06-13,5110.SE,,0.0,18240720516.7835,0.0
2022-06-30,QEWC.QA,QA ELEC & WATE,3.0588235291797,5264135482.10871,0.030588235291796998
2022-07-07,QEWC.QA,,1.19863013703205,5315907108.59136,0.0119863013703205
2022-07-14,QEWC.QA,,0.733220530280931,5367759562.84153,0.00733220530280931
2022-07-21,QEWC.QA,,1.56774915977778,5481868131.86813,0.0156774915977778
2022-07-28,QEWC.QA,,2.03969129029355,5539654468.77976,0.0203969129029355
2022-08-04,QEWC.QA,,1.4586709881264,5616944912.71956,0.014586709881263999
2022-08-11,QEWC.QA,,1.11821086229313,5738736263.73626,0.0111821086229313
2022-08-18,QEWC.QA,,4.52869931604871,5942790267.26907,0.0452869931604871
2022-08-25,QEWC.QA,,-0.251889168355157,5983516483.51648,-0.00251889168355157
2022-09-01,QEWC.QA,,-4.74747474847837,5699450549.45054,-0.047474747484783704
2022-09-08,QEWC.QA,,-0.848356310432019,5593778043.67335,-0.00848356310432019
2022-09-15,QEWC.QA,,1.44385026672689,5732692307.69231,0.0144385026672689
2022-09-22,QEWC.QA,,-8.80337374824324,5228021978.02197,-0.0880337374824324
2022-09-29,QEWC.QA,,1.271676300803,5294505494.50549,0.012716763008030001
2022-10-06,QEWC.QA,,2.73972602705868,5437319785.80255,0.0273972602705868
2022-10-13,QEWC.QA,,-2.77777777774119,5286283125.08581,-0.027777777777411902
2022-10-20,QEWC.QA,,2.28571428717086,5407112453.6592,0.0228571428717086
2022-10-27,QEWC.QA,,0.446927373426531,5431278319.37388,0.00446927373426531
2022-11-03,QEWC.QA,,1.61290322667029,5518879582.58959,0.0161290322667029
2022-11-10,QEWC.QA,,5.47345374832644,5785523227.25039,0.0547345374832644
2022-11-17,QEWC.QA,,-7.62843798632301,5353090740.08256,-0.0762843798632301
2022-11-24,QEWC.QA,,-2.13483145982063,5224812542.60395,-0.0213483145982063
2022-12-01,QEWC.QA,,-2.41102181419713,5094534953.41361,-0.0241102181419713
2022-12-08,QEWC.QA,,1.11764705843829,5164135896.87568,0.0111764705843829
2022-12-15,QEWC.QA,,2.3269342642289,5315659340.65934,0.023269342642289
2022-12-22,QEWC.QA,,-0.397953381848704,5294505494.50549,-0.00397953381848704
2022-12-29,QEWC.QA,,1.02739726054824,5348901098.90109,0.0102739726054824
2023-01-05,QEWC.QA,,-1.12994350343795,5245231607.62942,-0.0112994350343795
2023-01-12,QEWC.QA,,3.7192e-11,5288461538.46153,3.7192e-13
2023-01-19,QEWC.QA,,1.65714285749938,5376098901.0989,0.0165714285749938
2023-01-26,QEWC.QA,,0.730747610501736,5415384615.38461,0.00730747610501736
2023-02-02,QEWC.QA,,-0.669642857931596,5368060315.28444,-0.00669642857931596
2023-02-09,QEWC.QA,,-2.75280898872512,5231043956.04395,-0.027528089887251198
2023-02-16,QEWC.QA,,0.808781051245244,5273351648.35164,0.00808781051245244
2023-02-23,QEWC.QA,,2.29226361089065,5394230769.23076,0.022922636108906498
2023-03-02,QEWC.QA,,-0.560224088828554,5364010989.01098,-0.00560224088828554
2023-03-09,QEWC.QA,,-0.957746479836041,5312637362.63736,-0.00957746479836041
2023-03-16,QEWC.QA,,-1.30830489190305,4956043956.04395,-0.0130830489190305
2023-03-23,QEWC.QA,,2.19512194996177,5066923182.63021,0.0219512194996177
2023-03-30,QEWC.QA,,0.656324582765833,5098076923.07692,0.00656324582765833
2023-04-06,QEWC.QA,,-1.06698280984133,5002452316.07629,-0.010669828098413301
2023-04-13,QEWC.QA,,-0.11983223491433,5037637362.63736,-0.0011983223491433
2023-04-20,QEWC.QA,,-0.779844032225319,4998351648.35164,-0.00779844032225319
2023-04-27,QEWC.QA,,1.39056831990536,5067857142.85714,0.0139056831990536
2023-05-04,QEWC.QA,,3.5778175323673,5249175824.17582,0.035778175323673
2023-05-11,QEWC.QA,,3.22394933688421,5418406593.40659,0.032239493368842104
2023-05-18,QEWC.QA,,-2.3982152811569,5288461538.46153,-0.023982152811569
2023-05-25,QEWC.QA,,-1.71428571306634,5197802197.80219,-0.0171428571306634
2023-06-01,QEWC.QA,,-0.872093023964426,5152472527.47252,-0.00872093023964426
2023-06-08,QEWC.QA,,1.23167155357413,5215934065.93406,0.012316715535741301
2023-06-15,QEWC.QA,,1.39049826201125,5281641836.09076,0.013904982620112501
2023-06-22,QEWC.QA,,-0.628571428273128,5253487861.14468,-0.00628571428273128
2023-06-26,QEWC.QA,,0.057504312481149,5258241758.24176,0.0005750431248114899
2023-07-06,QEWC.QA,,-0.517241379256839,5229032789.58642,-0.00517241379256839
2023-07-13,QEWC.QA,,2.48411322942235,5358927884.87944,0.024841132294223498
2023-07-20,QEWC.QA,,1.52198421775025,5440191124.78031,0.015219842177502501
2023-07-27,QEWC.QA,,2.72071071715636,5590659340.65934,0.0272071071715636
2023-08-03,QEWC.QA,,-2.48648648539613,5451648351.64835,-0.0248648648539613
2023-08-10,QEWC.QA,,0.77605321440184,5490034590.67698,0.0077605321440184
2023-08-17,QEWC.QA,,-0.11001100061544,5485049012.87789,-0.0011001100061544
2023-08-24,QEWC.QA,,-0.165198238450848,5472081218.27411,-0.00165198238450848
2023-08-31,QEWC.QA,,-1.21345835611232,5404938271.60494,-0.0121345835611232
2023-09-07,QEWC.QA,,-0.502512563241331,5380287102.35226,-0.00502512563241331
2023-09-14,QEWC.QA,,-1.4590347924708,5299314128.94376,-0.014590347924708001
2023-09-21,QEWC.QA,,0.512528474203022,5326036265.87661,0.00512528474203022
2023-09-28,QEWC.QA,,-0.509915012963136,5298296623.41937,-0.0050991501296313605
2023-10-05,QEWC.QA,,-0.626423689891831,5265973498.66945,-0.00626423689891831
2023-10-12,QEWC.QA,,-0.28653295083888,5248293070.82728,-0.0028653295083887996
2023-10-19,QEWC.QA,,-0.402298851602612,5231195631.29442,-0.004022988516026119
2023-10-26,QEWC.QA,,-5.65493364151581,4937000741.16775,-0.0565493364151581
2023-11-02,QEWC.QA,,1.22324159131704,4992321614.65475,0.0122324159131704
2023-11-09,QEWC.QA,,2.41691842943044,5113262395.78763,0.0241691842943044
2023-11-16,QEWC.QA,,2.65486725758688,5257519571.48743,0.026548672575868803
2023-11-23,QEWC.QA,,-0.689655172214887,5207671232.87671,-0.00689655172214887
2023-11-30,QEWC.QA,,-2.31481481540179,5093542546.77127,-0.0231481481540179
2023-12-07,QEWC.QA,,0.414691943822687,5117472690.34418,0.0041469194382268695
2023-12-14,QEWC.QA,,-0.884955753360972,5074971164.93656,-0.00884955753360972
2023-12-21,QEWC.QA,,4.04761904797573,5276619099.89023,0.0404761904797573
2023-12-28,QEWC.QA,,3.43249427870067,5464637028.08155,0.0343249427870067
2024-01-04,QEWC.QA,,-0.7190265479601,5417009602.19479,-0.007190265479601
2024-01-11,QEWC.QA,,-1.83844011231292,5322678090.84418,-0.0183844011231292
2024-01-18,QEWC.QA,,-1.02156640111651,5262955748.81348,-0.0102156640111651
2024-01-25,QEWC.QA,,0.630733944651452,5297458975.90692,0.00630733944651452
2024-02-01,QEWC.QA,,-0.854700854685764,5251749211.14007,-0.008547008546857639
2024-02-08,QEWC.QA,,-1.78160919467281,5157475994.51303,-0.0178160919467281
2024-02-15,QEWC.QA,,-1.57987127025342,5075298312.98862,-0.0157987127025342
2024-02-22,QEWC.QA,,2.25921521997623,5189817862.62892,0.022592152199762298
2024-02-29,QEWC.QA,,0.639534883720927,5223151831.02455,0.00639534883720927
2024-03-07,QEWC.QA,,1.79087232813404,5316691811.82279,0.0179087232813404
2024-03-14,QEWC.QA,,-2.47601337248018,4928120713.3059,-0.024760133724801802
2024-03-21,QEWC.QA,,0.857317819963277,4970370370.37037,0.008573178199632771
2024-03-28,QEWC.QA,,-1.45719489981785,4897942386.83128,-0.014571948998178501
2024-04-04,QEWC.QA,,-0.184842883549008,4886877828.0543,-0.00184842883549008
2024-04-08,QEWC.QA,,0.555555555555554,4914027149.32127,0.00555555555555554
2024-04-18,QEWC.QA,,-0.675260896255381,4882183513.92127,-0.00675260896255381
2024-04-25,QEWC.QA,,-5.43881334981459,4616017553.48327,-0.054388133498145905
2024-05-02,QEWC.QA,,-1.43790849673203,4549643444.87109,-0.014379084967320299
2024-05-09,QEWC.QA,,-0.464190981432355,4529766803.84088,-0.00464190981432355
2024-05-16,QEWC.QA,,-0.532978014656882,4506860592.75521,-0.00532978014656882
2024-05-23,QEWC.QA,,-1.00468854655058,4461580680.5708,-0.010046885465505799
2024-05-30,QEWC.QA,,1.0148849797023,4506613248.44959,0.010148849797023001
2024-06-06,QEWC.QA,,1.13864701942394,4558177826.56421,0.0113864701942394
2024-06-13,QEWC.QA,,-0.596026490066215,4529766803.84088,-0.00596026490066215
2024-06-20,QEWC.QA,,-0.399733510992684,4511659807.9561,-0.00399733510992684
,2083.SE,MARAFIQ,0.0,0.0,0.0
,2083.SE,,0.0,0.0,0.0
,2083.SE,,0.0,0.0,0.0
,2083.SE,,0.0,0.0,0.0
,2083.SE,,0.0,0.0,0.0
,2083.SE,,0.0,0.0,0.0
,2083.SE,,0.0,0.0,0.0
,2083.SE,,0.0,0.0,0.0
,2083.SE,,0.0,0.0,0.0
,2083.SE,,0.0,0.0,0.0
,2083.SE,,0.0,0.0,0.0
,2083.SE,,0.0,0.0,0.0
,2083.SE,,0.0,0.0,0.0
,2083.SE,,0.0,0.0,0.0
,2083.SE,,0.0,0.0,0.0
,2083.SE,,0.0,0.0,0.0
,2083.SE,,0.0,0.0,0.0
,2083.SE,,0.0,0.0,0.0
,2083.SE,,0.0,0.0,0.0
,2083.SE,,0.0,0.0,0.0
,2083.SE,,0.0,0.0,0.0
2022-11-24,2083.SE,,0.0,3167167913.12911,0.0
2022-12-01,2083.SE,,2.4159663860932,3242218675.17956,0.024159663860932
2022-12-08,2083.SE,,-1.94871794899375,3178445088.70388,-0.0194871794899375
2022-12-15,2083.SE,,1.67364016691995,3231382978.7234,0.0167364016691995
2022-12-22,2083.SE,,-2.46913580289564,3151595744.68085,-0.0246913580289564
2022-12-29,2083.SE,,-1.054852321288,3119595583.34441,-0.01054852321288
2023-01-05,2083.SE,,0.426439231580744,3133315593.40074,0.00426439231580744
2023-01-12,2083.SE,,2.33545647564717,3208456479.48451,0.0233545647564717
2023-01-19,2083.SE,,-0.518672199952686,3191560170.39403,-0.00518672199952686
2023-01-26,2083.SE,,-1.04275286770702,3160215254.28244,-0.010427528677070199
2023-02-02,2083.SE,,-0.526870389988665,3144737894.09162,-0.00526870389988665
2023-02-09,2083.SE,,1.2711864395258,3184458775.24916,0.012711864395258
2023-02-16,2083.SE,,11.7154811703491,3559430491.12142,0.11715481170349101
2023-02-23,2083.SE,,2.05992509404593,3631493376.68914,0.0205992509404593
2023-03-02,2083.SE,,-6.42201834777233,3397191654.89861,-0.06422018347772329
2023-03-09,2083.SE,,2.15686274442899,3396377197.65583,0.0215686274442899
2023-03-16,2083.SE,,-5.09803921630547,3221598019.11659,-0.0509803921630547
2023-03-23,2083.SE,,2.27272727309151,3294465298.29885,0.0227272727309151
2023-03-30,2083.SE,,8.68686868725024,3583226768.96845,0.08686868687250239
2023-04-06,2083.SE,,7.80669144988442,3865326686.74859,0.0780669144988442
2023-04-13,2083.SE,,2.24137931034043,3952490135.43777,0.0224137931034043
2023-04-17,2083.SE,,-1.68634064076411,3886563024.986,-0.0168634064076411
2023-04-27,2083.SE,,2.74442538577171,3992588050.23062,0.027444253857717097
2023-05-04,2083.SE,,-1.33555926694183,3939684825.21398,-0.0133555926694183
2023-05-11,2083.SE,,6.59898477077878,4199888002.98658,0.0659898477077878
2023-05-18,2083.SE,,-1.74603174569082,4129199242.20188,-0.017460317456908202
2023-05-25,2083.SE,,-1.29240710826662,4073116100.47464,-0.012924071082666199
2023-06-01,2083.SE,,-0.654664483583145,4046558758.43311,-0.00654664483583145
2023-06-08,2083.SE,,12.0263591423,4533333333.33333,0.120263591423
2023-06-15,2083.SE,,0.588235294599637,4563042028.01868,0.005882352945996369
2023-06-22,2083.SE,,2.63157894763704,4678253452.04457,0.0263157894763704
2023-06-22,2083.SE,,0.0,4678253452.04457,0.0
2023-07-06,2083.SE,,16.8091168086768,5464626539.42528,0.16809116808676802
2023-07-13,2083.SE,,7.92682926848796,5897326545.29946,0.0792682926848796
2023-07-20,2083.SE,,-5.08474576347873,5598357815.04092,-0.0508474576347873
2023-07-27,2083.SE,,-6.1904761902134,5251792807.44315,-0.061904761902134
2023-08-03,2083.SE,,-3.80710659842429,5055490342.54615,-0.0380710659842429
2023-08-10,2083.SE,,1.0554089711404,5105577476.80494,0.010554089711404
2023-08-17,2083.SE,,-3.4437086089912,4859611231.10151,-0.034437086089912
2023-08-24,2083.SE,,0.548696845683616,4885624400.12797,0.00548696845683616
2023-08-31,2083.SE,,-3.00136425661502,4738483685.22073,-0.0300136425661502
2023-09-07,2083.SE,,-5.62587904491924,4472379225.76517,-0.0562587904491924
2023-09-14,2083.SE,,-2.38450074519411,4366084522.06372,-0.0238450074519411
2023-09-21,2083.SE,,-6.87022900824349,4066016104.09001,-0.06870229008243489
2023-09-28,2083.SE,,2.62295081976451,4172220741.1357,0.0262295081976451
2023-10-05,2083.SE,,-7.6677316297036,3852819624.05013,-0.076677316297036
2023-10-12,2083.SE,,-4.32525951482831,3687846777.63551,-0.0432525951482831
2023-10-19,2083.SE,,-3.25497287633306,3565905940.06612,-0.0325497287633306
2023-10-26,2083.SE,,-2.80373831898245,3465280554.44489,-0.0280373831898245
2023-11-02,2083.SE,,3.6538461545397,3591992322.86613,0.036538461545397
2023-11-09,2083.SE,,1.11317254298784,3632267868.09203,0.0111317254298784
2023-11-16,2083.SE,,1.83486238483412,3702270726.04531,0.018348623848341197
2023-11-23,2083.SE,,6.3063063076463,3932808958.80549,0.06306306307646299
2023-11-30,2083.SE,,3.15059e-10,3932075069.31115,3.15059e-12
2023-12-07,2083.SE,,-1.86440677955053,3859382498.80019,-0.0186440677955053
2023-12-14,2083.SE,,4.66321243545549,4039030632.64816,0.0466321243545549
2023-12-21,2083.SE,,-2.47524752518629,3943680768.71747,-0.0247524752518629
2023-12-28,2083.SE,,6.09137055865503,4180000000.0,0.0609137055865503
2024-01-04,2083.SE,,3.98724082934838,4346434856.80764,0.0398724082934838
2024-01-11,2083.SE,,-4.44785276082575,4153222580.73118,-0.044478527608257504
2024-01-18,2083.SE,,-0.160513643703319,4146113851.48647,-0.00160513643703319
2024-01-25,2083.SE,,3.53697749181201,4293333333.33333,0.0353697749181201
2024-02-01,2083.SE,,-2.48447204898123,4186666666.66667,-0.0248447204898123
2024-02-08,2083.SE,,7.16560509598667,4486547025.41265,0.0716560509598667
2024-02-15,2083.SE,,9.21248142633633,4899738680.6037,0.0921248142633633
2024-02-21,2083.SE,,-1.36054421768708,4839398713.05369,-0.013605442176870798
2024-02-29,2083.SE,,4.68965517241382,5059730147.72545,0.0468965517241382
2024-03-07,2083.SE,,-2.50329380764165,4932675643.24757,-0.025032938076416503
2024-03-14,2083.SE,,3.64864864864864,5113060636.76604,0.0364864864864864
2024-03-21,2083.SE,,-2.88378075394385,4893072369.47363,-0.028837807539438497
2024-03-28,2083.SE,,-5.5858310626703,4619260918.25308,-0.055858310626702996
2024-04-04,2083.SE,,-2.45310245310246,4505705449.50411,-0.024531024531024598
2024-04-04,2083.SE,,0.0,4505705449.50411,0.0
2024-04-18,2083.SE,,-2.36686390532542,4398709711.81787,-0.023668639053254198
2024-04-25,2083.SE,,-1.51515151515151,4332755632.58232,-0.0151515151515151
2024-05-02,2083.SE,,-2.30769230769233,4232768964.13811,-0.0230769230769233
2024-05-09,2083.SE,,4.72440944881887,4432860494.88055,0.0472440944881887
2024-05-16,2083.SE,,-4.66165413533833,4226328560.38184,-0.046616541353383306
2024-05-23,2083.SE,,-2.36593059936909,4126226535.83618,-0.0236593059936909
2024-05-30,2083.SE,,-5.16962843295637,3912811625.11665,-0.0516962843295637
2024-06-06,2083.SE,,1.19250425894375,3959577645.05119,0.0119250425894375
2024-06-13,2083.SE,,-2.02020202020201,3879275868.50455,-0.0202020202020201
2024-06-13,2083.SE,,0.0,3879275868.50455,0.0
2022-07-01,TQM.CS,TAQA MAROCCO,-3.79278445943855,2442461537.23616,-0.0379278445943855
2022-07-08,TQM.CS,,0.961538461603517,2440194000.0,0.00961538461603517
2022-07-15,TQM.CS,,1.04761904782542,2402649910.91142,0.0104761904782542
2022-07-22,TQM.CS,,6.50329877572133,2600239241.04965,0.06503298775721329
2022-07-29,TQM.CS,,-2.654867257,2521539333.15841,-0.026548672569999997
2022-08-05,TQM.CS,,6.36363636308885,2671434918.20733,0.0636363636308885
2022-08-12,TQM.CS,,1.7094017099023,2717047872.46399,0.017094017099023
2022-08-19,TQM.CS,,-0.504201680393779,2684251706.24813,-0.00504201680393779
2022-08-26,TQM.CS,,-0.844594595276171,2615997384.09219,-0.00844594595276171
2022-09-02,TQM.CS,,-1.61839863670883,2574268059.71559,-0.0161839863670883
2022-09-09,TQM.CS,,1.90476190443567,2581878486.97609,0.0190476190443567
2022-09-16,TQM.CS,,4.82158028972473,2623603643.71265,0.048215802897247306
2022-09-23,TQM.CS,,0.250626566245371,2606468729.28176,0.00250626566245371
2022-09-30,TQM.CS,,-4.99999999977749,2455479471.11784,-0.0499999999977749
2022-10-07,TQM.CS,,3.50877192973245,2534600845.03451,0.0350877192973245
2022-10-14,TQM.CS,,-5.08474576211034,2395753075.49308,-0.050847457621103404
2022-10-21,TQM.CS,,-4.46428571379792,2304283595.96107,-0.0446428571379792
2022-10-28,TQM.CS,,-1.543432e-09,2316231216.21745,-1.5434319999999998e-11
2022-11-04,TQM.CS,,-1.4018691595631,2276907125.53866,-0.014018691595631001
2022-11-11,TQM.CS,,-2.84360189530827,2259966869.18726,-0.028436018953082697
2022-11-17,TQM.CS,,-1.95121951152124,2214379695.86295,-0.0195121951152124
2022-11-25,TQM.CS,,2.4875621888917,2273562496.25692,0.024875621888917
2022-12-02,TQM.CS,,4.85436893301274,2413836020.46617,0.0485436893301274
2022-12-09,TQM.CS,,1.66666666663842,2455322897.44611,0.0166666666663842
2022-12-16,TQM.CS,,-0.273224044249443,2456882697.77705,-0.0027322404424944303
2022-12-23,TQM.CS,,0.273972602817563,2466734520.27657,0.0027397260281756303
2022-12-30,TQM.CS,,-3.91109e-10,2483242484.75551,-3.91109e-12
2023-01-06,TQM.CS,,-19.4899817853526,2019414397.58277,-0.194899817853526
2023-01-13,TQM.CS,,10.859728506489,2292943765.43638,0.10859728506489001
2023-01-20,TQM.CS,,-4.5918367352726,2162155831.02954,-0.045918367352726
2023-01-27,TQM.CS,,-0.374331550945206,2159248324.30892,-0.0037433155094520596
2023-02-03,TQM.CS,,-0.161030595472411,2143386262.68942,-0.00161030595472411
2023-02-10,TQM.CS,,3.76344085936369,2217378554.79899,0.0376344085936369
2023-02-17,TQM.CS,,0.518134714677743,2217505377.82386,0.00518134714677743
2023-02-24,TQM.CS,,2.98969072099473,2259018689.35435,0.0298969072099473
2023-03-03,TQM.CS,,-1.90190190222634,2227821899.69546,-0.019019019022263398
2023-03-10,TQM.CS,,2.04081632657089,2263449791.29683,0.0204081632657089
2023-03-17,TQM.CS,,-5.00000000022697,2160997791.66425,-0.0500000000022697
2023-03-24,TQM.CS,,2.63157894738608,2236696177.97228,0.0263157894738608
2023-03-31,TQM.CS,,-1.53846153866722,2211879420.58429,-0.0153846153866722
2023-04-07,TQM.CS,,0.0,2223476883.49943,0.0
2023-04-14,TQM.CS,,1.04166666516345,2259148876.88707,0.010416666651634501
2023-04-21,TQM.CS,,-0.721649485062426,2244507830.16817,-0.00721649485062426
2023-04-28,TQM.CS,,-0.311526480304614,2251732707.5482,-0.00311526480304614
2023-05-04,TQM.CS,,-1.04166666679584,2243536427.62031,-0.0104166666679584
2023-05-12,TQM.CS,,5.15789473640573,2333025113.16159,0.0515789473640573
2023-05-18,TQM.CS,,-2.90290290258097,2241927291.07673,-0.0290290290258097
2023-05-26,TQM.CS,,1.95876288610066,2282017806.71036,0.019587628861006602
2023-06-02,TQM.CS,,0.101112234674683,2291048423.42784,0.00101112234674683
2023-06-09,TQM.CS,,1.75215e-10,2307757192.26816,1.75215e-12
2023-06-16,TQM.CS,,1.61616161697062,2372722598.48818,0.0161616161697062
2023-06-23,TQM.CS,,-1.59045725599178,2340907244.45915,-0.0159045725599178
2023-06-28,TQM.CS,,2.62626262590697,2421635579.08777,0.0262626262590697
2023-07-07,TQM.CS,,8.26771653543181,2653650664.75761,0.08267716535431809
2023-07-14,TQM.CS,,-1.81818181798646,2629280576.31177,-0.018181818179864598
2023-07-21,TQM.CS,,3.24074074164973,2696704056.14625,0.0324074074164973
2023-07-28,TQM.CS,,3.13901345223075,2777424085.43141,0.0313901345223075
2023-08-04,TQM.CS,,-4.34782608701875,2654600869.60969,-0.043478260870187496
2023-08-11,TQM.CS,,1.81818181729263,2677120843.08659,0.0181818181729263
2023-08-18,TQM.CS,,-1.78571428610163,2598767709.95042,-0.0178571428610163
2023-08-25,TQM.CS,,1.81818181795903,2614335464.84588,0.0181818181795903
2023-09-01,TQM.CS,,-1.78571428646109,2542989778.01734,-0.0178571428646109
2023-09-08,TQM.CS,,-4.54545454580166,2438272209.09628,-0.0454545454580166
2023-09-15,TQM.CS,,2.34920634931217,2388224771.9551,0.0234920634931217
2023-09-22,TQM.CS,,-3.84615384568815,2299078167.64133,-0.0384615384568815
2023-09-27,TQM.CS,,3.69999999949999,2369364398.8764,0.0369999999949999
2023-10-06,TQM.CS,,3.27868852450548,2461185273.99729,0.032786885245054805
2023-10-13,TQM.CS,,-1.02707749718636,2436073121.59002,-0.010270774971863602
2023-10-20,TQM.CS,,2.83018867863374,2490339559.30069,0.0283018867863374
2023-10-27,TQM.CS,,-1.00917431189254,2476360850.1654,-0.010091743118925401
2023-11-03,TQM.CS,,-1.76088971164858,2448933362.06305,-0.0176088971164858
2023-11-10,TQM.CS,,7.7005e-11,2446369610.98936,7.700499999999999e-13
2023-11-17,TQM.CS,,-2.83018867927998,2392394172.6732,-0.0283018867927998
2023-11-24,TQM.CS,,1.74757281593214,2446876374.93814,0.0174757281593214
2023-12-01,TQM.CS,,-5.05725190880767,2327093467.05269,-0.0505725190880767
2023-12-08,TQM.CS,,5.52763819094042,2449751651.76452,0.055276381909404204
2023-12-15,TQM.CS,,4.57142857139807,2567428540.44409,0.0457142857139807
2023-12-22,TQM.CS,,-3.00546448075369,2523003407.61868,-0.0300546448075369
2023-12-29,TQM.CS,,3.28638497634062,2624660752.57941,0.0328638497634062
2024-01-05,TQM.CS,,7.09090909178789,2794266368.60947,0.0709090909178789
2024-01-12,TQM.CS,,4.32937181594777,2913541247.21111,0.0432937181594777
2024-01-19,TQM.CS,,1.70870626547246,2961360828.78033,0.0170870626547246
2024-01-26,TQM.CS,,-1.76000000056646,2904515148.50095,-0.0176000000056646
2024-02-02,TQM.CS,,-2.68729641707505,2806789641.43823,-0.0268729641707505
2024-02-09,TQM.CS,,0.251046024571511,2817174091.91506,0.0025104602457151097
2024-02-16,TQM.CS,,-0.751252086842635,2787728256.0035,-0.00751252086842635
2024-02-23,TQM.CS,,5.13036164844407,2932964379.50105,0.0513036164844407
2024-03-01,TQM.CS,,-4.00000000000001,2808856402.8777,-0.0400000000000001
2024-03-08,TQM.CS,,1.66666666666664,2875243157.58975,0.0166666666666664
2024-03-15,TQM.CS,,-0.245901639344259,2854909363.52607,-0.0024590163934425898
2024-03-22,TQM.CS,,-0.164338537387021,2851635609.52798,-0.00164338537387021
2024-03-29,TQM.CS,,-1.15226337448561,2800221304.93229,-0.0115226337448561
2024-04-05,TQM.CS,,4.07993338884265,2932001939.0444,0.0407993338884265
2024-04-09,TQM.CS,,0.0,2943064219.90877,0.0
2024-04-19,TQM.CS,,3.92000000000001,3025904177.00269,0.0392000000000001
2024-04-26,TQM.CS,,0.076982294072359,3029699609.74164,0.00076982294072359
2024-05-03,TQM.CS,,6.2307692307692,3240564685.6006,0.062307692307691995
2024-05-10,TQM.CS,,3.69297610427228,3370127920.18358,0.0369297610427228
2024-05-17,TQM.CS,,-4.32960893854751,3246466606.39121,-0.043296089385475106
2024-05-24,TQM.CS,,-0.072992700729924,3246902078.084,-0.00072992700729924
2024-05-31,TQM.CS,,-2.84879474068662,3148137159.19924,-0.0284879474068662
2024-06-07,TQM.CS,,-1.1e-14,3163916260.91692,-1.1e-16
2024-06-14,TQM.CS,,-1.1e-14,3149369665.51558,-1.1e-16
2024-06-21,TQM.CS,,3.08073849545329,3165038878.37702,0.0308073849545329
2022-06-30,2080.SE,NATL GAS & IND,3.29268292756255,846571070.657533,0.0329268292756255
2022-07-06,2080.SE,,-2.47933884341779,825141852.473427,-0.0247933884341779
2022-07-14,2080.SE,,-3.389830508,797192178.592359,-0.03389830508
2022-07-21,2080.SE,,6.14035087762677,845309381.237525,0.0614035087762677
2022-07-28,2080.SE,,2.47933884332734,866659566.537089,0.0247933884332734
2022-08-04,2080.SE,,0.576036867755425,871605431.309904,0.00576036867755425
2022-08-11,2080.SE,,0.458190148438087,875599041.533546,0.00458190148438087
2022-08-18,2080.SE,,5.13112884781446,920649713.753162,0.0513112884781446
2022-08-25,2080.SE,,14.0997830799631,1050319488.81789,0.140997830799631
2022-09-01,2080.SE,,11.9771863122856,1175961666.44482,0.119771863122856
2022-09-08,2080.SE,,-3.05602716512636,1139477955.45858,-0.0305602716512636
2022-09-15,2080.SE,,-5.25394045556885,1080127778.51723,-0.0525394045556885
2022-09-21,2080.SE,,-5.86228845640329,998936594.443706,-0.0586228845640329
2022-09-29,2080.SE,,12.5748502988,1125598722.72485,0.125748502988
2022-10-06,2080.SE,,3.72340425446676,1167509313.46461,0.0372340425446676
2022-10-13,2080.SE,,-3.24786324736868,1130041261.81285,-0.0324786324736868
2022-10-20,2080.SE,,1.06007067226044,1142172523.96166,0.010600706722604401
2022-10-27,2080.SE,,-5.41958041947733,1080559254.32756,-0.0541958041947733
2022-11-03,2080.SE,,-2.95748613761975,1047625382.46641,-0.0295748613761975
2022-11-10,2080.SE,,-6.2857142848225,981644054.269752,-0.06285714284822501
2022-11-17,2080.SE,,3.4552845535438,1015832889.83501,0.034552845535438
2022-11-24,2080.SE,,0.196463654413326,1018018257.79149,0.00196463654413326
2022-12-01,2080.SE,,0.588235294689232,1023543495.61053,0.005882352946892319
2022-12-08,2080.SE,,-0.974658868693723,1013378727.02609,-0.00974658868693723
2022-12-15,2080.SE,,-1.87007874039415,994348404.255319,-0.0187007874039415
2022-12-22,2080.SE,,3.69543071628904,1011303191.48936,0.0369543071628904
2022-12-29,2080.SE,,2.16962524585937,1033657044.03352,0.0216962524585937
2023-01-05,2080.SE,,-0.193050193618027,1031798829.16444,-0.00193050193618027
2023-01-12,2080.SE,,-8.715e-12,1032430705.3279,-8.715000000000001e-14
2023-01-19,2080.SE,,0.193423598430242,1034345047.92332,0.00193423598430242
2023-01-26,2080.SE,,-1.92624e-10,1034978820.89671,-1.92624e-12
2023-02-02,2080.SE,,-0.193050192377175,1033366202.06273,-0.00193050192377175
2023-02-09,2080.SE,,-0.193423597752862,1031284975.75014,-0.00193423597752862
2023-02-16,2080.SE,,4.65116279073756,1079827227.64357,0.0465116279073756
2023-02-23,2080.SE,,-2.59259259292807,1051467256.58999,-0.0259259259292807
2023-03-02,2080.SE,,1.1406844118133,1063121153.18003,0.011406844118133
2023-03-09,2080.SE,,2.06766917333756,1084842834.31006,0.020676691733375597
2023-03-16,2080.SE,,3.31491712798593,1120237493.01099,0.0331491712798593
2023-03-23,2080.SE,,-0.534759357120851,1114128264.51561,-0.00534759357120851
2023-03-30,2080.SE,,3.58422939021654,1154891304.34782,0.0358422939021654
2023-04-06,2080.SE,,8.3e-11,1155599392.2107,8.3e-13
2023-04-13,2080.SE,,2.94117647020968,1189746187.48,0.0294117647020968
2023-04-17,2080.SE,,3.52941176482646,1231967147.54273,0.0352941176482646
2023-04-27,2080.SE,,-0.324675325244794,1227770816.11432,-0.00324675325244794
2023-05-04,2080.SE,,-2.60586319224055,1195904327.65378,-0.026058631922405498
2023-05-11,2080.SE,,2.00668896337766,1219967467.53419,0.020066889633776598
2023-05-18,2080.SE,,-0.163934426023671,1218032480.86615,-0.00163934426023671
2023-05-25,2080.SE,,-0.328407225595917,1213935256.7863,-0.00328407225595917
2023-06-01,2080.SE,,2.14168039590041,1239966934.21508,0.021416803959004097
2023-06-08,2080.SE,,14.1935483883002,1416000000.0,0.141935483883002
2023-06-15,2080.SE,,-6.21468926553854,1328885923.94929,-0.0621468926553854
2023-06-22,2080.SE,,-2.56024096479416,1293517086.9542,-0.0256024096479416
2023-06-22,2080.SE,,0.0,1293517086.9542,0.0
2023-07-06,2080.SE,,7.72797527002345,1373487231.43359,0.0772797527002345
2023-07-13,2080.SE,,-0.436681223031976,1367380121.01181,-0.00436681223031976
2023-07-20,2080.SE,,3.50877192966195,1415584761.8032,0.035087719296619496
2023-07-27,2080.SE,,-4.66101694950563,1349604116.12593,-0.046610169495056294
2023-08-03,2080.SE,,-5.18518518516304,1280546366.44968,-0.0518518518516304
2023-08-10,2080.SE,,-0.624999999961495,1271728697.87778,-0.00624999999961495
2023-08-17,2080.SE,,0.628930818352047,1279931736.97402,0.00628930818352047
2023-08-24,2080.SE,,-2.96874999983922,1241735096.51274,-0.0296874999983922
2023-08-31,2080.SE,,2.73752012833612,1275591810.6206,0.027375201283361197
2023-09-07,2080.SE,,-2.03761755416582,1249766710.21409,-0.0203761755416582
2023-09-14,2080.SE,,2.52842e-10,1249833355.55259,2.52842e-12
2023-09-21,2080.SE,,-1.43999999958524,1231802911.53415,-0.014399999995852399
2023-09-28,2080.SE,,2.43506493467209,1261899048.07615,0.0243506493467209
2023-10-05,2080.SE,,-0.950871631179084,1249833355.55259,-0.00950871631179084
2023-10-12,2080.SE,,-4.16000000060635,1198383482.71447,-0.041600000006063495
2023-10-19,2080.SE,,2.17028380619322,1223738935.69372,0.0217028380619322
2023-10-26,2080.SE,,-3.1045751634467,1185525789.68413,-0.031045751634467
2023-11-02,2080.SE,,-2.69814502490311,1153569334.11526,-0.026981450249031102
2023-11-09,2080.SE,,-6.7801e-11,1153753865.84195,-6.7801e-13
2023-11-16,2080.SE,,-0.866551126354464,1144732628.88248,-0.00866551126354464
2023-11-23,2080.SE,,1.57342657412829,1161845087.32169,0.0157342657412829
2023-11-30,2080.SE,,0.172117040705633,1163627639.15547,0.00172117040705633
2023-12-07,2080.SE,,4.98281787000996,1221804511.2782,0.0498281787000996
2023-12-14,2080.SE,,4.90998363368855,1281692393.82548,0.0490998363368855
2023-12-21,2080.SE,,0.780031200857922,1293206993.19365,0.00780031200857922
2023-12-28,2080.SE,,3.86996903968653,1342000000.0,0.0386996903968653
2024-01-04,2080.SE,,-0.596125186442309,1333928857.12762,-0.00596125186442309
2024-01-11,2080.SE,,1.04947526183046,1347964054.29189,0.0104947526183046
2024-01-18,2080.SE,,-2.09741402982914,1299826689.7747,-0.0209741402982914
2024-01-25,2080.SE,,3.69230769180038,1348000000.0,0.036923076918003804
2024-02-01,2080.SE,,-0.148367952465822,1346000000.0,-0.00148367952465822
2024-02-08,2080.SE,,22.288261515228,1645956107.83712,0.22288261515228
2024-02-15,2080.SE,,0.12150668268196,1647912111.35406,0.0012150668268195999
2024-02-21,2080.SE,,0.0,1650068085.33362,0.0
2024-02-29,2080.SE,,3.88349514563104,1711908698.20276,0.0388349514563104
2024-03-07,2080.SE,,0.81775700934581,1725769897.34702,0.0081775700934581
2024-03-14,2080.SE,,1.62224797219004,1753906458.32222,0.0162224797219004
2024-03-21,2080.SE,,0.342075256556407,1759906138.33929,0.0034207525655640704
2024-03-28,2080.SE,,-1.0227272727273,1741721324.58807,-0.010227272727273
2024-04-04,2080.SE,,-2.29621125143513,1701636984.11006,-0.0229621125143513
2024-04-04,2080.SE,,0.0,1701636984.11006,0.0
2024-04-18,2080.SE,,-1.76263219741483,1671509690.49079,-0.0176263219741483
2024-04-25,2080.SE,,1.3157894736842,1693774163.44487,0.013157894736842
2024-05-02,2080.SE,,2.71546635183,1739768030.92921,0.0271546635183
2024-05-09,2080.SE,,-0.574712643678177,1729815486.34812,-0.00574712643678177
2024-05-16,2080.SE,,-0.346820809248538,1723862091.03272,-0.0034682080924853796
2024-05-23,2080.SE,,-0.232018561484915,1719862411.00712,-0.00232018561484915
2024-05-30,2080.SE,,-1.74418604651164,1689774696.70711,-0.0174418604651164
2024-06-06,2080.SE,,0.236686390532559,1693819325.93857,0.00236686390532559
2024-06-13,2080.SE,,1.53482880755609,1719678993.25459,0.015348288075560901
2024-06-13,2080.SE,,0.0,1719678993.25459,0.0
,OQGN.OM,OQ GAS NETWORK,0.0,0.0,0.0
,OQGN.OM,,0.0,0.0,0.0
,OQGN.OM,,0.0,0.0,0.0
,OQGN.OM,,0.0,0.0,0.0
,OQGN.OM,,0.0,0.0,0.0
,OQGN.OM,,0.0,0.0,0.0
,OQGN.OM,,0.0,0.0,0.0
,OQGN.OM,,0.0,0.0,0.0
,OQGN.OM,,0.0,0.0,0.0
,OQGN.OM,,0.0,0.0,0.0
,OQGN.OM,,0.0,0.0,0.0
,OQGN.OM,,0.0,0.0,0.0
,OQGN.OM,,0.0,0.0,0.0
,OQGN.OM,,0.0,0.0,0.0
,OQGN.OM,,0.0,0.0,0.0
,OQGN.OM,,0.0,0.0,0.0
,OQGN.OM,,0.0,0.0,0.0
,OQGN.OM,,0.0,0.0,0.0
,OQGN.OM,,0.0,0.0,0.0
,OQGN.OM,,0.0,0.0,0.0
,OQGN.OM,,0.0,0.0,0.0
,OQGN.OM,,0.0,0.0,0.0
,OQGN.OM,,0.0,0.0,0.0
,OQGN.OM,,0.0,0.0,0.0
,OQGN.OM,,0.0,0.0,0.0
,OQGN.OM,,0.0,0.0,0.0
,OQGN.OM,,0.0,0.0,0.0
,OQGN.OM,,0.0,0.0,0.0
,OQGN.OM,,0.0,0.0,0.0
,OQGN.OM,,0.0,0.0,0.0
,OQGN.OM,,0.0,0.0,0.0
,OQGN.OM,,0.0,0.0,0.0
,OQGN.OM,,0.0,0.0,0.0
,OQGN.OM,,0.0,0.0,0.0
,OQGN.OM,,0.0,0.0,0.0
,OQGN.OM,,0.0,0.0,0.0
,OQGN.OM,,0.0,0.0,0.0
,OQGN.OM,,0.0,0.0,0.0
,OQGN.OM,,0.0,0.0,0.0
,OQGN.OM,,0.0,0.0,0.0
,OQGN.OM,,0.0,0.0,0.0
,OQGN.OM,,0.0,0.0,0.0
,OQGN.OM,,0.0,0.0,0.0
,OQGN.OM,,0.0,0.0,0.0
,OQGN.OM,,0.0,0.0,0.0
,OQGN.OM,,0.0,0.0,0.0
,OQGN.OM,,0.0,0.0,0.0
,OQGN.OM,,0.0,0.0,0.0
,OQGN.OM,,0.0,0.0,0.0
,OQGN.OM,,0.0,0.0,0.0
,OQGN.OM,,0.0,0.0,0.0
,OQGN.OM,,0.0,0.0,0.0
,OQGN.OM,,0.0,0.0,0.0
,OQGN.OM,,0.0,0.0,0.0
,OQGN.OM,,0.0,0.0,0.0
,OQGN.OM,,0.0,0.0,0.0
,OQGN.OM,,0.0,0.0,0.0
,OQGN.OM,,0.0,0.0,0.0
,OQGN.OM,,0.0,0.0,0.0
,OQGN.OM,,0.0,0.0,0.0
,OQGN.OM,,0.0,0.0,0.0
,OQGN.OM,,0.0,0.0,0.0
,OQGN.OM,,0.0,0.0,0.0
,OQGN.OM,,0.0,0.0,0.0
,OQGN.OM,,0.0,0.0,0.0
,OQGN.OM,,0.0,0.0,0.0
,OQGN.OM,,0.0,0.0,0.0
,OQGN.OM,,0.0,0.0,0.0
,OQGN.OM,,0.0,0.0,0.0
2023-10-26,OQGN.OM,,7.142857143,1687431390.27431,0.07142857142999999
2023-11-02,OQGN.OM,,-1.33333333410609,1669094635.83333,-0.0133333333410609
2023-11-09,OQGN.OM,,0.67567567606488,1677401903.08828,0.0067567567606488
2023-11-16,OQGN.OM,,0.671140940000004,1688615737.34695,0.00671140940000004
2023-11-21,OQGN.OM,,-9.00957e-10,1688615737.34695,-9.00957e-12
2023-11-30,OQGN.OM,,2.00000000087355,1721314160.3928,0.020000000008735502
2023-12-07,OQGN.OM,,-0.653594770999999,1710908238.91459,-0.00653594770999999
2023-12-14,OQGN.OM,,1.31578947359972,1733465244.92501,0.0131578947359972
2023-12-21,OQGN.OM,,0.649350649000002,1744721512.7492,0.006493506490000019
2023-12-28,OQGN.OM,,4.86544e-10,1744540134.62588,4.8654399999999995e-12
2024-01-04,OQGN.OM,,-9.4813e-10,1744721512.7492,-9.481299999999998e-12
2024-01-10,OQGN.OM,,1.11204740041482,1677183905.80407,0.011120474004148199
2024-01-18,OQGN.OM,,-8.3267e-11,1677096722.75504,-8.3267e-13
2024-01-25,OQGN.OM,,0.671140939916182,1688308524.79468,0.00671140939916182
2024-02-01,OQGN.OM,,-0.666666666011084,1677009548.76939,-0.00666666666011084
2024-02-07,OQGN.OM,,-0.671140940000004,1665711160.0395,-0.00671140940000004
2024-02-15,OQGN.OM,,-2.02702702765775,1632031573.96819,-0.020270270276577497
2024-02-22,OQGN.OM,,-0.689655172413794,1620734060.55566,-0.0068965517241379405
2024-02-29,OQGN.OM,,2.77777777777779,1664845810.58756,0.0277777777777779
2024-03-07,OQGN.OM,,0.67567567567568,1676094768.76721,0.0067567567567568
2024-03-14,OQGN.OM,,-1.34228187919463,1653768681.45685,-0.0134228187919463
2024-03-21,OQGN.OM,,0.379346182917617,1631098936.04863,0.00379346182917617
2024-03-28,OQGN.OM,,-1.37931034482759,1608809966.90307,-0.0137931034482759
2024-04-04,OQGN.OM,,0.699300699300687,1619849977.86898,0.00699300699300687
2024-04-08,OQGN.OM,,0.694444444444442,1631098936.04863,0.00694444444444442
2024-04-18,OQGN.OM,,0.0,1631268427.28737,0.0
2024-04-25,OQGN.OM,,0.0,1631014203.63636,0.0
2024-05-02,OQGN.OM,,-0.689655172413772,1620186657.52143,-0.00689655172413772
2024-05-09,OQGN.OM,,-1.3888888888889,1597808601.9695,-0.013888888888889
2024-05-16,OQGN.OM,,0.704225352112653,1609228024.21849,0.00704225352112653
2024-05-23,OQGN.OM,,0.699300699300687,1597850118.58858,0.00699300699300687
2024-05-30,OQGN.OM,,0.704225352112675,1608726381.50409,0.00704225352112675
2024-06-06,OQGN.OM,,-0.699300699300709,1597352061.50969,-0.00699300699300709
2024-06-13,OQGN.OM,,-3.3e-14,1597352061.50969,-3.3e-16
2024-06-13,OQGN.OM,,0.0,1597352061.50969,0.0
2022-06-30,AZNOULA.KW,SHAMAL AZ ZOUR,2.47524752468111,742709896.275034,0.024752475246811102
2022-07-07,AZNOULA.KW,,-0.966183575000001,734049479.166666,-0.009661835750000009
2022-07-14,AZNOULA.KW,,0.0,732547185.134652,0.0
2022-07-21,AZNOULA.KW,,-0.975609756288309,726178861.788618,-0.00975609756288309
2022-07-28,AZNOULA.KW,,-1.4778325121872,717079530.638852,-0.014778325121872
2022-08-04,AZNOULA.KW,,0.499999999999989,721370309.95106,0.00499999999999989
2022-08-11,AZNOULA.KW,,-1.90015e-10,722549019.607843,-1.9001499999999997e-12
2022-08-18,AZNOULA.KW,,-2.48756218951972,702967068.79687,-0.024875621895197198
2022-08-25,AZNOULA.KW,,1.02040816343554,708292682.926829,0.0102040816343554
2022-09-01,AZNOULA.KW,,2.02020202065383,721194417.396949,0.0202020202065383
2022-09-08,AZNOULA.KW,,1.48514851515864,730459006.834893,0.0148514851515864
2022-09-15,AZNOULA.KW,,-0.487804878384879,726919339.164237,-0.00487804878384879
2022-09-22,AZNOULA.KW,,-1.96078431337401,711283543.485289,-0.0196078431337401
2022-09-28,AZNOULA.KW,,-2.49999999989258,691533948.030176,-0.0249999999989258
2022-10-06,AZNOULA.KW,,-1.02564102630244,685280826.339573,-0.0102564102630244
2022-10-13,AZNOULA.KW,,-1.55440414419916,674063084.564277,-0.015544041441991601
2022-10-20,AZNOULA.KW,,1.05263157804487,679886685.552408,0.0105263157804487
2022-10-27,AZNOULA.KW,,-1.04166666704442,675937904.269081,-0.010416666670444198
2022-11-03,AZNOULA.KW,,1.57894736820579,684132508.378448,0.015789473682057898
2022-11-10,AZNOULA.KW,,1.03626943030981,697334200.260078,0.010362694303098099
2022-11-17,AZNOULA.KW,,0.512820512319245,700591408.331708,0.0051282051231924496
2022-11-24,AZNOULA.KW,,-0.510204081060783,697901415.324548,-0.0051020408106078295
2022-12-01,AZNOULA.KW,,1.02564102580738,706645796.647753,0.0102564102580738
2022-12-08,AZNOULA.KW,,-0.539340102057539,681292173.289435,-0.00539340102057539
2022-12-15,AZNOULA.KW,,-1.05263157862777,674736533.002708,-0.0105263157862777
2022-12-22,AZNOULA.KW,,-2.65957446736222,657070113.591852,-0.0265957446736222
2022-12-29,AZNOULA.KW,,2.73224043711247,675596210.388762,0.027322404371124702
2023-01-05,AZNOULA.KW,,-2.12765957454857,659949786.429293,-0.0212765957454857
2023-01-12,AZNOULA.KW,,0.543478260436458,666710349.572453,0.00543478260436458
2023-01-19,AZNOULA.KW,,-2.16216216174844,652230885.147087,-0.021621621617484398
2023-01-26,AZNOULA.KW,,0.552486188610213,655941810.556665,0.005524861886102131
2023-02-02,AZNOULA.KW,,-1.09890109901387,649116480.346195,-0.010989010990138699
2023-02-09,AZNOULA.KW,,0.555555555746356,651185609.157808,0.00555555555746356
2023-02-16,AZNOULA.KW,,2.20994475183209,664207846.465174,0.0220994475183209
2023-02-23,AZNOULA.KW,,-1.08108108199639,656127770.53455,-0.010810810819963901
2023-03-02,AZNOULA.KW,,-0.546448086999996,651862464.183381,-0.00546448086999996
2023-03-09,AZNOULA.KW,,-4.32376e-10,651438240.270727,-4.32376e-12
2023-03-16,AZNOULA.KW,,-1.64835164772248,641409863.834777,-0.0164835164772248
2023-03-23,AZNOULA.KW,,-1.67597765402105,632225197.570374,-0.016759776540210502
2023-03-30,AZNOULA.KW,,0.568181818458857,635174371.187159,0.005681818184588569
2023-04-06,AZNOULA.KW,,-1.69491525272966,623960880.195599,-0.0169491525272966
2023-04-13,AZNOULA.KW,,1.14942528757509,632824502.337135,0.0114942528757509
2023-04-20,AZNOULA.KW,,1.12337662364099,624877571.008814,0.0112337662364099
2023-04-27,AZNOULA.KW,,0.574712643999997,628961641.508201,0.00574712643999997
2023-05-04,AZNOULA.KW,,1.71428571325127,639367816.091954,0.0171428571325127
2023-05-11,AZNOULA.KW,,2.24719101003199,653095843.935538,0.0224719101003199
2023-05-18,AZNOULA.KW,,1.0989010978018,659218968.830407,0.010989010978017999
2023-05-25,AZNOULA.KW,,-1.086956522,651205152.392414,-0.010869565219999999
2023-06-01,AZNOULA.KW,,-0.549450550718777,647500731.731113,-0.00549450550718777
2023-06-08,AZNOULA.KW,,6.0687e-10,647121916.338934,6.0687e-12
2023-06-15,AZNOULA.KW,,3.31491712744472,669770773.638968,0.0331491712744472
2023-06-22,AZNOULA.KW,,6.41711229935058,712588300.400403,0.0641711229935058
2023-06-26,AZNOULA.KW,,0.502512562838553,715703178.372751,0.0050251256283855295
2023-07-06,AZNOULA.KW,,1.999999999555,730349877.949552,0.01999999999555
2023-07-13,AZNOULA.KW,,-0.980392155760168,726404916.800157,-0.00980392155760168
2023-07-18,AZNOULA.KW,,-0.990099010163503,718109413.761587,-0.00990099010163503
2023-07-27,AZNOULA.KW,,-2.90024e-10,716449018.139186,-2.9002399999999998e-12
2023-08-03,AZNOULA.KW,,-3.000000000097,693938605.619146,-0.03000000000097
2023-08-10,AZNOULA.KW,,2.80731e-10,693667923.547002,2.8073099999999997e-12
2023-08-17,AZNOULA.KW,,-3.35032e-10,693239775.200597,-3.35032e-12
2023-08-24,AZNOULA.KW,,-6.23213e-10,691756620.960161,-6.23213e-12
2023-08-31,AZNOULA.KW,,-2.11087e-10,692969637.928235,-2.11087e-12
2023-09-07,AZNOULA.KW,,-1.03092783530929,684536349.787703,-0.0103092783530929
2023-09-14,AZNOULA.KW,,1.56250000072604,695097054.343952,0.0156250000072604
2023-09-21,AZNOULA.KW,,1.02564102571967,683827100.53424,0.0102564102571967
2023-09-27,AZNOULA.KW,,-3.12499999944106,661707632.600259,-0.0312499999944106
2023-10-05,AZNOULA.KW,,-1.61290322526119,651182350.467441,-0.016129032252611898
2023-10-12,AZNOULA.KW,,-2.73224043652325,632796845.711331,-0.0273224043652325
2023-10-19,AZNOULA.KW,,-6.88116e-10,633226609.747421,-6.88116e-12
2023-10-26,AZNOULA.KW,,-1.12359550549793,625969994.826694,-0.011235955054979301
2023-11-02,AZNOULA.KW,,0.5681818180997,630097087.378641,0.005681818180997
2023-11-09,AZNOULA.KW,,-1.12994350392601,623058001.035733,-0.011299435039260099
2023-11-16,AZNOULA.KW,,1.14285714313838,631302486.949191,0.0114285714313838
2023-11-23,AZNOULA.KW,,-0.564971751241894,628224681.182464,-0.00564971751241894
2023-11-30,AZNOULA.KW,,1.13636363726859,635013297.009794,0.0113636363726859
2023-12-07,AZNOULA.KW,,-1.12359550640441,627491653.972061,-0.0112359550640441
2023-12-14,AZNOULA.KW,,-1.136363636,622216442.898475,-0.01136363636
2023-12-21,AZNOULA.KW,,7.51044e-10,622054665.409991,7.510439999999999e-12
2023-12-28,AZNOULA.KW,,-0.574712643560693,619869706.840391,-0.00574712643560693
2024-01-04,AZNOULA.KW,,2.31213872789457,633108964.979026,0.0231213872789457
2024-01-11,AZNOULA.KW,,2.25988700567323,648006509.357201,0.0225988700567323
2024-01-18,AZNOULA.KW,,-2.20994475138552,632635820.119574,-0.022099447513855203
2024-01-25,AZNOULA.KW,,-2.259887004869,618560052.007151,-0.02259887004869
2024-02-01,AZNOULA.KW,,-3.46820809257027,597340096.901115,-0.0346820809257027
2024-02-07,AZNOULA.KW,,-1.79640718606034,585980640.5509,-0.017964071860603403
2024-02-15,AZNOULA.KW,,0.609756097549519,589457958.494365,0.00609756097549519
2024-02-22,AZNOULA.KW,,1.81818181818181,600799765.922169,0.018181818181818098
2024-02-29,AZNOULA.KW,,1.19047619047619,607636068.237206,0.0119047619047619
2024-03-07,AZNOULA.KW,,-1.17647058823529,601582082.75009,-0.0117647058823529
2024-03-14,AZNOULA.KW,,1.19047619047619,608466469.267563,0.0119047619047619
2024-03-21,AZNOULA.KW,,-0.588235294117645,604788860.693604,-0.00588235294117645
2024-03-28,AZNOULA.KW,,0.0,604474214.736295,0.0
2024-04-03,AZNOULA.KW,,-4.14201183431953,579587588.629415,-0.0414201183431953
2024-04-08,AZNOULA.KW,,-2.46913580246914,565350335.046516,-0.024691358024691402
2024-04-18,AZNOULA.KW,,-2.53164556962027,549857179.953259,-0.0253164556962027
2024-04-25,AZNOULA.KW,,0.649350649350633,554057128.00182,0.00649350649350633
2024-05-02,AZNOULA.KW,,3.22580645161288,572432186.300657,0.0322580645161288
2024-05-09,AZNOULA.KW,,-1.25,565295169.946333,-0.0125
2024-05-16,AZNOULA.KW,,0.0,566363606.73901,0.0
2024-05-23,AZNOULA.KW,,0.0,566326696.862068,0.0
2024-05-30,AZNOULA.KW,,0.632911392405067,569855336.895608,0.00632911392405067
2024-06-06,AZNOULA.KW,,-0.628930817610063,567324955.116696,-0.00628930817610063
2024-06-13,AZNOULA.KW,,1.26582278481016,574431280.394269,0.0126582278481016
2024-06-20,AZNOULA.KW,,0.625000000000009,577663252.65836,0.00625000000000009
2022-06-30,JOEP.AM,JOR ELECTRIC P,0.675675675912513,185686321.214689,0.00675675675912513
2022-07-07,JOEP.AM,,21.4765100673564,225565262.683615,0.214765100673564
2022-07-14,JOEP.AM,,9.39226519328065,246750950.338983,0.09392265193280651
2022-07-21,JOEP.AM,,-8.08080808185037,226811479.604519,-0.0808080808185037
2022-07-28,JOEP.AM,,-2.1978021988248,221826611.920903,-0.021978021988248
2022-08-04,JOEP.AM,,17.4157303369012,260459336.468926,0.17415730336901197
2022-08-11,JOEP.AM,,-2.39234449825022,254228251.864406,-0.023923444982502203
2022-08-18,JOEP.AM,,-1.96078431387805,249243384.180791,-0.0196078431387805
2022-08-25,JOEP.AM,,0.500000000537604,250489601.101694,0.00500000000537604
2022-09-01,JOEP.AM,,-2.48756218904598,244258516.497175,-0.024875621890459797
2022-09-08,JOEP.AM,,-5.10204081756951,231796347.288135,-0.051020408175695094
2022-09-14,JOEP.AM,,4.83870967830509,243012299.576271,0.0483870967830509
2022-09-22,JOEP.AM,,4.61538461594815,254228251.864406,0.0461538461594815
2022-09-29,JOEP.AM,,-4.41176470626476,243012299.576271,-0.044117647062647605
2022-10-06,JOEP.AM,,5.04197e-10,243012299.576271,5.041969999999999e-12
2022-10-13,JOEP.AM,,5.1282051281766,255474468.785311,0.051282051281766
2022-10-20,JOEP.AM,,6.82926829282204,272921505.677966,0.0682926829282204
2022-10-27,JOEP.AM,,-1.3698630131029,269182854.915254,-0.013698630131029
2022-11-03,JOEP.AM,,-7.40740740709173,249243384.180791,-0.0740740740709173
2022-11-10,JOEP.AM,,0.500000000005629,250489601.101694,0.00500000000005629
2022-11-17,JOEP.AM,,0.497512438769054,251735818.022598,0.00497512438769054
2022-11-24,JOEP.AM,,0.495049504899492,252982034.943502,0.00495049504899492
2022-12-01,JOEP.AM,,2.95566502598672,260275526.06916,0.0295566502598672
2022-12-08,JOEP.AM,,2.39234449842647,266502213.295695,0.0239234449842647
2022-12-15,JOEP.AM,,0.934579438512428,268992888.186309,0.009345794385124279
2022-12-22,JOEP.AM,,2.31481481354652,275219575.412844,0.023148148135465202
2022-12-29,JOEP.AM,,-0.452488687180286,273974237.967537,-0.0045248868718028605
2023-01-05,JOEP.AM,,2.72727272680429,281446262.639378,0.027272727268042897
2023-01-12,JOEP.AM,,3.53982300948574,291408962.201834,0.0353982300948574
2023-01-19,JOEP.AM,,7.26495726445615,312579698.772053,0.0726495726445615
2023-01-26,JOEP.AM,,-4.38247012040003,298880986.873676,-0.0438247012040003
2023-02-02,JOEP.AM,,2.4999999993867,306266556.624806,0.024999999993866998
2023-02-09,JOEP.AM,,-5.28455284533457,290081738.591787,-0.0528455284533457
2023-02-16,JOEP.AM,,-8.58369098695866,265182018.540991,-0.0858369098695866
2023-02-23,JOEP.AM,,0.938967136208757,267671990.54607,0.00938967136208757
2023-03-02,JOEP.AM,,-8.51141e-10,267671990.54607,-8.51141e-12
2023-03-09,JOEP.AM,,-1.06648e-10,267671990.54607,-1.06648e-12
2023-03-16,JOEP.AM,,-2.32558139494284,261447060.533371,-0.023255813949428397
2023-03-23,JOEP.AM,,-2.85714285731974,253977144.518131,-0.028571428573197402
2023-03-30,JOEP.AM,,1.9607843127432,258957088.528291,0.019607843127432002
2023-04-06,JOEP.AM,,-0.480769230833045,257712102.525751,-0.00480769230833045
2023-04-13,JOEP.AM,,-2.8985507241451,250312826.506704,-0.028985507241451002
2023-04-20,JOEP.AM,,5.87171096290102,251451691.817155,0.058717109629010195
2023-04-27,JOEP.AM,,-1.98019802008317,246472450.395033,-0.0198019802008317
2023-05-04,JOEP.AM,,1.0101010105773,248891842.031029,0.010101010105773
2023-05-11,JOEP.AM,,-9.9998e-11,248997200.507972,-9.9998e-13
2023-05-18,JOEP.AM,,5.04996e-10,248891842.031029,5.04996e-12
2023-05-24,JOEP.AM,,-0.500000000099499,247647382.820874,-0.00500000000099499
2023-05-31,JOEP.AM,,-1.00502512458357,245331476.725476,-0.0100502512458357
2023-06-08,JOEP.AM,,2.944211849889,252447539.221218,0.029442118498890002
2023-06-15,JOEP.AM,,-1.025641026,249858333.690744,-0.01025641026
2023-06-22,JOEP.AM,,1.5544041460936,253670564.513399,0.015544041460936
2023-06-26,JOEP.AM,,0.0,253706348.201438,0.0
2023-07-06,JOEP.AM,,6.12244897814693,269315371.130238,0.0612244897814693
2023-07-13,JOEP.AM,,-1.92307692272538,264210791.474947,-0.019230769227253797
2023-07-20,JOEP.AM,,1.08491e-10,264322713.583733,1.08491e-12
2023-07-27,JOEP.AM,,-4.41176470581021,252732790.677966,-0.0441176470581021
2023-08-03,JOEP.AM,,1.0256410256962,255324921.864406,0.010256410256962
2023-08-10,JOEP.AM,,1.52284263929243,259213118.644067,0.015228426392924299
2023-08-17,JOEP.AM,,-3.49999999989397,250140659.491525,-0.0349999999989397
2023-08-24,JOEP.AM,,-0.518134715393514,248844593.898305,-0.00518134715393514
2023-08-31,JOEP.AM,,1.04166666609748,251436725.084745,0.0104166666609748
2023-09-07,JOEP.AM,,-0.515463918423997,250140659.491525,-0.0051546391842399696
2023-09-14,JOEP.AM,,1.03626942969197,252732790.677966,0.0103626942969197
2023-09-21,JOEP.AM,,-1.02564102629139,250140659.491525,-0.0102564102629139
2023-09-28,JOEP.AM,,-0.51813471499973,248844593.898305,-0.0051813471499972995
2023-10-05,JOEP.AM,,3.64583333362256,257844215.701779,0.0364583333362256
2023-10-12,JOEP.AM,,-3.51758793922273,248774318.667043,-0.0351758793922273
2023-10-19,JOEP.AM,,-0.520833333215354,247478619.090652,-0.00520833333215354
2023-10-26,JOEP.AM,,2.09424083771925,252554433.027523,0.020942408377192502
2023-11-02,JOEP.AM,,-0.512820512990808,251259282.08892,-0.00512820512990808
2023-11-09,JOEP.AM,,-0.515463918286474,249858333.690745,-0.00515463918286474
2023-11-16,JOEP.AM,,-0.518134714190754,248598804.12022,-0.00518134714190754
2023-11-23,JOEP.AM,,-8.6808e-11,248598804.12022,-8.680800000000001e-13
2023-11-30,JOEP.AM,,1.04166666735057,251046680.806656,0.010416666673505699
2023-12-07,JOEP.AM,,-1.03092783566216,248213542.519019,-0.0103092783566216
2023-12-14,JOEP.AM,,0.520833333514026,249717409.64467,0.005208333335140261
2023-12-21,JOEP.AM,,-1.03626943048389,247129664.467005,-0.0103626943048389
2023-12-28,JOEP.AM,,-1.73606e-10,247269128.160271,-1.73606e-12
2024-01-04,JOEP.AM,,1.04712041847324,249858333.690745,0.0104712041847324
2024-01-11,JOEP.AM,,-5.02465e-10,249858333.690745,-5.02465e-12
2024-01-18,JOEP.AM,,-3.92375e-10,249893589.558346,-3.92375e-12
2024-01-25,JOEP.AM,,-1.03626943,247304018.682094,-0.0103626943
2024-02-01,JOEP.AM,,3.14136125703159,255108728.027096,0.0314136125703159
2024-02-08,JOEP.AM,,1.01522842669846,257771419.480519,0.010152284266984599
2024-02-15,JOEP.AM,,1.00502512537499,260398845.743329,0.0100502512537499
2024-02-22,JOEP.AM,,0.0,260398845.743329,0.0
2024-02-29,JOEP.AM,,-0.497512437810932,259139915.27817,-0.00497512437810932
2024-03-07,JOEP.AM,,1.0,261768276.910041,0.01
2024-03-14,JOEP.AM,,0.990099009900991,264397381.016949,0.00990099009900991
2024-03-21,JOEP.AM,,-1.47058823529412,260509184.237288,-0.0147058823529412
2024-03-28,JOEP.AM,,6.46766169154231,277358036.949153,0.0646766169154231
2024-04-04,JOEP.AM,,1.4018691588785,281246233.728814,0.014018691588785
2024-04-08,JOEP.AM,,0.0,281246233.728814,0.0
2024-04-18,JOEP.AM,,-0.460829493087556,279950168.135593,-0.0046082949308755596
2024-04-24,JOEP.AM,,1.38888888888888,283838364.915254,0.0138888888888888
2024-05-01,JOEP.AM,,-3.50226061137728,252732790.677966,-0.0350226061137728
2024-05-09,JOEP.AM,,2.05128205128207,257917053.050848,0.020512820512820704
2024-05-16,JOEP.AM,,3.01507537688439,265693446.610169,0.030150753768843897
2024-05-23,JOEP.AM,,1.95121951219512,270877708.983051,0.0195121951219512
2024-05-30,JOEP.AM,,0.956937799043067,273469840.169492,0.00956937799043067
2024-06-06,JOEP.AM,,5.68720379146921,289022627.288136,0.05687203791469211
2024-06-13,JOEP.AM,,3.13901345291479,298095086.440678,0.0313901345291479
2024-06-13,JOEP.AM,,0.0,298095086.440678,0.0
2022-06-30,SSPW.OM,SEMBCORP SALAL,-4.285714286,166124628.302033,-0.04285714286
2022-07-06,SSPW.OM,,2.98507462762589,171110239.653963,0.0298507462762589
2022-07-14,SSPW.OM,,4.3478260870325,178549815.291091,0.043478260870325
2022-07-21,SSPW.OM,,-4.16666666730239,171101349.655799,-0.041666666673023905
2022-07-28,SSPW.OM,,4.34782608709205,178517351.688311,0.04347826087092051
2022-08-04,SSPW.OM,,6.944444444,190949108.019639,0.06944444444
2022-08-11,SSPW.OM,,-2.5974025977102,186003887.373343,-0.025974025977102
2022-08-17,SSPW.OM,,-5.33333333405345,176079105.375282,-0.0533333333405345
2022-08-25,SSPW.OM,,-4.22535211231629,168626000.415649,-0.0422535211231629
2022-09-01,SSPW.OM,,2.94117647116297,173581079.360955,0.0294117647116297
2022-09-07,SSPW.OM,,-1.428571429,171101349.655799,-0.01428571429
2022-09-14,SSPW.OM,,-7.24637681165045,158686212.109405,-0.0724637681165045
2022-09-22,SSPW.OM,,-1.56250000029223,156227029.796851,-0.0156250000029223
2022-09-28,SSPW.OM,,6.34920634967091,166150522.562543,0.06349206349670909
2022-10-04,SSPW.OM,,-5.97014925393616,156214855.313401,-0.059701492539361606
2022-10-13,SSPW.OM,,-4.761904762,148791512.742576,-0.04761904762
2022-10-20,SSPW.OM,,-11.6666666668,131432502.922609,-0.11666666666799999
2022-10-27,SSPW.OM,,11.3207547170553,146307853.301813,0.113207547170553
2022-11-03,SSPW.OM,,-3.40239e-10,131750816.015624,-3.40239e-12
2022-11-09,SSPW.OM,,-5.660377358,124067058.747075,-0.056603773579999996
2022-11-17,SSPW.OM,,6.00000000048759,131511082.2719,0.0600000000048759
2022-11-24,SSPW.OM,,9.43396226391824,143891605.634534,0.0943396226391824
2022-11-29,SSPW.OM,,10.3448275857042,159095325.0,0.103448275857042
2022-12-08,SSPW.OM,,-6.25,148888210.980555,-0.0625
2022-12-15,SSPW.OM,,8.3333333333901,161287176.371198,0.08333333333390099
2022-12-21,SSPW.OM,,4.6153846159376,168739972.444629,0.046153846159376004
2022-12-29,SSPW.OM,,-2.94117646997792,163768517.54614,-0.0294117646997792
2023-01-03,SSPW.OM,,-1.515151515,161287176.371198,-0.01515151515
2023-01-11,SSPW.OM,,-1.538461538,158801707.260014,-0.01538461538
2023-01-19,SSPW.OM,,10.9375000011083,176161485.847217,0.109375000011083
2023-01-26,SSPW.OM,,11.2676056332842,196010667.351129,0.112676056332842
2023-02-02,SSPW.OM,,-2.53164556975706,191073204.091712,-0.0253164556975706
2023-02-07,SSPW.OM,,-2.59740259695953,186110263.725694,-0.0259740259695953
2023-02-07,SSPW.OM,,0.0,186110263.725694,0.0
2023-02-23,SSPW.OM,,5.3333333339292,196010667.351129,0.053333333339292
2023-02-28,SSPW.OM,,-7.82008e-10,196031048.506589,-7.82008e-12
2023-03-09,SSPW.OM,,-2.53164556975706,191058304.047204,-0.0253164556975706
2023-03-15,SSPW.OM,,3.89610389589101,198378376.412521,0.0389610389589101
2023-03-23,SSPW.OM,,3.749999999875,205854998.570983,0.03749999999875
2023-03-30,SSPW.OM,,-1.20481927706787,203348400.748188,-0.0120481927706787
2023-04-06,SSPW.OM,,-2.43902439052122,198404146.531566,-0.024390243905212203
2023-04-12,SSPW.OM,,0.0,198393837.680557,0.0
2023-04-19,SSPW.OM,,6.24999999962499,210782500.519561,0.062499999996249896
2023-04-27,SSPW.OM,,11.7647058826057,236157123.046875,0.117647058826057
2023-05-04,SSPW.OM,,5.263157895,247992297.100696,0.05263157895
2023-05-11,SSPW.OM,,5.00000000048,260405442.322681,0.0500000000048
2023-05-17,SSPW.OM,,-2.85714285661379,252952143.04271,-0.028571428566137903
2023-05-23,SSPW.OM,,1.96078431383218,257891889.336277,0.0196078431383218
2023-05-31,SSPW.OM,,-3.84615384577885,247985854.570961,-0.0384615384577885
2023-06-08,SSPW.OM,,-1.000000000299,245505996.025251,-0.010000000002989999
2023-06-14,SSPW.OM,,0.0,245512374.129689,0.0
2023-06-21,SSPW.OM,,0.0,245512374.129689,0.0
2023-06-26,SSPW.OM,,-3.03030303,238084975.83788,-0.0303030303
2023-07-04,SSPW.OM,,-2.08333333371523,233106703.296703,-0.0208333333371523
2023-07-13,SSPW.OM,,7.44680851052792,250472220.071703,0.0744680851052792
2023-07-18,SSPW.OM,,-2.97029702980001,243026137.479541,-0.0297029702980001
2023-07-27,SSPW.OM,,6.77014e-10,243026137.479541,6.77014e-12
2023-08-02,SSPW.OM,,2.0408163264483,247985854.570961,0.020408163264482998
2023-08-07,SSPW.OM,,5.0,260405442.322681,0.05
2023-08-17,SSPW.OM,,-4.76190476172621,247985854.570961,-0.04761904761726209
2023-08-24,SSPW.OM,,1.99999999971441,252932429.925964,0.0199999999971441
2023-08-31,SSPW.OM,,-5.88235294129374,238029318.164108,-0.0588235294129374
2023-09-06,SSPW.OM,,-2.0833333339113,233124872.174591,-0.020833333339113
2023-09-14,SSPW.OM,,3.19148936189768,240546278.933832,0.0319148936189768
2023-09-21,SSPW.OM,,-4.12371134058228,230776727.019861,-0.0412371134058228
2023-09-27,SSPW.OM,,15.0537634414566,265344864.390928,0.150537634414566
2023-10-05,SSPW.OM,,-1.56508e-10,265337971.242271,-1.56508e-12
2023-10-12,SSPW.OM,,-2.80373831720946,257871792.820406,-0.0280373831720946
2023-10-19,SSPW.OM,,1.92307692349962,262871834.926738,0.019230769234996198
2023-10-26,SSPW.OM,,0.943396227073934,265324186.019327,0.00943396227073934
2023-11-02,SSPW.OM,,-3.27102803709942,238642987.5,-0.032710280370994195
2023-11-08,SSPW.OM,,-6.25000000009451,223332316.470833,-0.0625000000009451
2023-11-16,SSPW.OM,,3.3333333319663,230770727.98877,0.033333333319663
2023-11-20,SSPW.OM,,2.15053763399999,235733539.343367,0.021505376339999903
2023-11-30,SSPW.OM,,0.0,235586561.842413,0.0
2023-12-06,SSPW.OM,,-5.26315789442814,223297487.913916,-0.0526315789442814
2023-12-14,SSPW.OM,,3.9346e-11,223303291.919008,3.9346e-13
2023-12-21,SSPW.OM,,-2.222222222,218340996.54303,-0.02222222222
2023-12-26,SSPW.OM,,-1.13636363632135,215837408.451802,-0.0113636363632135
2024-01-04,SSPW.OM,,3.44827586229504,223303291.919008,0.0344827586229504
2024-01-08,SSPW.OM,,2.22222222199999,228265587.294986,0.0222222222199999
2024-01-18,SSPW.OM,,-3.26086956413912,220810665.497076,-0.0326086956413912
2024-01-25,SSPW.OM,,-1.12359550614953,218323972.346398,-0.011235955061495299
2024-02-01,SSPW.OM,,9.09090909132453,238165416.222678,0.0909090909132453
2024-02-07,SSPW.OM,,5.20833333367001,250563352.954935,0.0520833333367001
2024-02-15,SSPW.OM,,-2.97029702979998,243133514.658488,-0.029702970297999797
2024-02-22,SSPW.OM,,-2.04081632653064,238165416.222678,-0.0204081632653064
2024-02-29,SSPW.OM,,1.04166666666665,240515037.534417,0.010416666666666501
2024-03-07,SSPW.OM,,16.4948453608248,280187621.045249,0.164948453608248
2024-03-14,SSPW.OM,,-2.65486725663717,272749011.636968,-0.026548672566371702
2024-03-21,SSPW.OM,,0.0,273445089.84375,0.0
2024-03-28,SSPW.OM,,0.0,272749011.636968,0.0
2024-04-04,SSPW.OM,,0.454545454545463,267789938.698114,0.00454545454545463
2024-04-08,SSPW.OM,,1.85185185185186,272749011.636968,0.0185185185185186
2024-04-18,SSPW.OM,,-1.81818181818183,267817765.366031,-0.0181818181818183
2024-04-25,SSPW.OM,,1.85185185185186,272734842.857143,0.0185185185185186
2024-05-02,SSPW.OM,,-1.81818181818182,267845597.817615,-0.0181818181818182
2024-05-09,SSPW.OM,,-4.62962962962963,255465250.214358,-0.0462962962962963
2024-05-16,SSPW.OM,,0.970873786407766,257972306.732843,0.00970873786407766
2024-05-23,SSPW.OM,,-3.84615384615384,248030959.309879,-0.0384615384615384
2024-05-30,SSPW.OM,,-1.1e-14,247972970.515651,-1.1e-16
2024-06-06,SSPW.OM,,-3.00000000000001,240515037.534417,-0.030000000000000103
2024-06-13,SSPW.OM,,0.0,240515037.534417,0.0
2024-06-13,SSPW.OM,,0.0,240515037.534417,0.0
2022-06-30,PHPC.OM,PHOENIX POWER ,4.59988e-10,189953175.407153,4.59988e-12
2022-07-07,PHPC.OM,,-2.79998e-10,189982783.882783,-2.79998e-12
2022-07-14,PHPC.OM,,2.0,193782439.560439,0.02
2022-07-20,PHPC.OM,,-3.92156862772,186173455.098064,-0.0392156862772
2022-07-28,PHPC.OM,,1.020408163,178551347.064935,0.010204081629999999
2022-08-03,PHPC.OM,,0.0,178583816.849816,0.0
2022-08-11,PHPC.OM,,-1.17906e-10,178597736.087295,-1.17906e-12
2022-08-18,PHPC.OM,,-2.127659574,174793242.991868,-0.02127659574
2022-08-25,PHPC.OM,,-2.17391304400139,170980063.646283,-0.0217391304400139
2022-09-01,PHPC.OM,,9.87899e-10,170975622.028834,9.87899e-12
2022-09-08,PHPC.OM,,4.93938e-10,170975622.028834,4.93938e-12
2022-09-15,PHPC.OM,,-4.44444444423451,163359730.850152,-0.044444444442345105
2022-09-22,PHPC.OM,,2.32558139525785,167180506.676365,0.023255813952578502
2022-09-27,PHPC.OM,,-6.19971e-10,167184849.816849,-6.19971e-12
2022-10-06,PHPC.OM,,2.27272727324248,170966739.486193,0.022727272732424798
2022-10-13,PHPC.OM,,4.93938e-10,170984505.494505,4.93938e-12
2022-10-20,PHPC.OM,,-4.44444444449394,163385194.139194,-0.044444444444939404
2022-10-27,PHPC.OM,,2.32558139500001,167180506.676365,0.023255813950000103
2022-11-03,PHPC.OM,,5.67102e-10,167589750.625,5.67102e-12
2022-11-10,PHPC.OM,,-2.27272727235965,163482876.995061,-0.022727272723596502
2022-11-17,PHPC.OM,,2.32558139528021,167284804.367039,0.0232558139528021
2022-11-24,PHPC.OM,,-2.272727273,163453135.067702,-0.02272727273
2022-11-29,PHPC.OM,,-6.19971e-10,163780892.65625,-6.19971e-12
2022-12-08,PHPC.OM,,-2.32558139589109,159689251.637724,-0.0232558139589109
2022-12-14,PHPC.OM,,0.0,159680949.623082,0.0
2022-12-22,PHPC.OM,,2.38095238141327,163491376.676718,0.0238095238141327
2022-12-29,PHPC.OM,,-1.239941e-09,163482876.995061,-1.239941e-11
2023-01-05,PHPC.OM,,2.32558139500001,167284804.367039,0.023255813950000103
2023-01-11,PHPC.OM,,-6.19971e-10,167280456.031816,-6.19971e-12
2023-01-19,PHPC.OM,,11.363636362991,186279914.589452,0.11363636362991
2023-01-26,PHPC.OM,,21.2765957441914,216692961.869362,0.212765957441914
2023-02-02,PHPC.OM,,-3.50877192971101,209116877.144639,-0.0350877192971101
2023-02-09,PHPC.OM,,0.0,209116877.144639,0.0
2023-02-16,PHPC.OM,,0.0,209116877.144639,0.0
2023-02-22,PHPC.OM,,7.27272727315327,224296223.689341,0.0727272727315327
2023-03-02,PHPC.OM,,-3.53151e-10,224319545.972081,-3.53151e-12
2023-03-09,PHPC.OM,,-3.38983050756915,216704227.132125,-0.0338983050756915
2023-03-16,PHPC.OM,,0.0,216569121.236524,0.0
2023-03-23,PHPC.OM,,3.50877192993395,224208808.303886,0.0350877192993395
2023-03-30,PHPC.OM,,1.69491525520207,227979340.659341,0.016949152552020702
2023-04-06,PHPC.OM,,-3.33333333342768,220397206.235385,-0.0333333333342768
2023-04-13,PHPC.OM,,-3.44827586167686,212786245.869271,-0.0344827586167686
2023-04-19,PHPC.OM,,3.57142857118942,220374304.255208,0.035714285711894195
2023-04-27,PHPC.OM,,5.17241379283584,232340336.09375,0.0517241379283584
2023-05-04,PHPC.OM,,8.19672131020859,250783789.774498,0.08196721310208589
2023-05-11,PHPC.OM,,-1.51515151442853,246996869.056897,-0.0151515151442853
2023-05-18,PHPC.OM,,3.07692307686811,254583544.165021,0.0307692307686811
2023-05-25,PHPC.OM,,-4.47761193928407,243165329.107676,-0.044776119392840694
2023-06-01,PHPC.OM,,4.68749999991138,254576930.40293,0.0468749999991138
2023-06-08,PHPC.OM,,0.0,254576930.40293,0.0
2023-06-13,PHPC.OM,,2.90123e-10,254583544.165021,2.90123e-12
2023-06-22,PHPC.OM,,-1.492537313,250783789.774498,-0.014925373129999999
2023-06-26,PHPC.OM,,1.51515151499999,254596772.720187,0.015151515149999899
2023-07-06,PHPC.OM,,-1.492537313,250777274.725274,-0.014925373129999999
2023-07-13,PHPC.OM,,-1.515151515,246984035.383975,-0.01515151515
2023-07-19,PHPC.OM,,1.53846153839308,250777274.725274,0.0153846153839308
2023-07-27,PHPC.OM,,-1.36363636435016,235578652.014652,-0.0136363636435016
2023-08-03,PHPC.OM,,4.8387096775117,246977619.047619,0.048387096775116996
2023-08-09,PHPC.OM,,-4.615384615,235597013.561964,-0.04615384615
2023-08-17,PHPC.OM,,-1.61290322587743,231778996.336996,-0.016129032258774302
2023-08-24,PHPC.OM,,1.6393442612656,235566412.573061,0.016393442612656
2023-08-31,PHPC.OM,,4.83870967816298,246939128.029299,0.0483870967816298
2023-09-07,PHPC.OM,,-9.23076922994375,224197158.06703,-0.0923076922994375
2023-09-14,PHPC.OM,,-5.08474576354321,212780717.948718,-0.0508474576354321
2023-09-21,PHPC.OM,,-3.57142857093191,205314752.105646,-0.035714285709319095
2023-09-27,PHPC.OM,,11.111111111198,227979340.659341,0.11111111111198
2023-10-05,PHPC.OM,,2.78177e-10,227973418.195043,2.7817699999999998e-12
2023-10-12,PHPC.OM,,1.66666666668607,231748893.604863,0.016666666666860702
2023-10-19,PHPC.OM,,-4.9180327867355,220385754.650317,-0.049180327867355
2023-10-26,PHPC.OM,,-3.4482758621213,212764135.910224,-0.034482758621213
2023-11-02,PHPC.OM,,-3.57142857142575,205678330.3125,-0.0357142857142575
2023-11-09,PHPC.OM,,-1.85185185167547,201512627.066653,-0.0185185185167547
2023-11-16,PHPC.OM,,7.04636e-10,201507388.754582,7.04636e-12
2023-11-21,PHPC.OM,,1.88679245274677,205309414.957498,0.018867924527467703
2023-11-30,PHPC.OM,,7.30149e-10,205181406.593407,7.30149e-12
2023-12-07,PHPC.OM,,1.85185185241896,209084265.477985,0.0185185185241896
2023-12-14,PHPC.OM,,1.81818181752198,212891330.959374,0.0181818181752198
2023-12-21,PHPC.OM,,-1.78571428646109,209089700.049385,-0.0178571428646109
2023-12-28,PHPC.OM,,-3.63636363633063,201465492.060192,-0.0363636363633063
2024-01-04,PHPC.OM,,7.54716981273811,216692961.869363,0.0754716981273811
2024-01-10,PHPC.OM,,-3.50877192981529,209089700.049385,-0.0350877192981529
2024-01-18,PHPC.OM,,3.30647e-10,209078831.189084,3.30647e-12
2024-01-25,PHPC.OM,,-1.81818181764506,205272062.688429,-0.0181818181764506
2024-02-01,PHPC.OM,,5.84604212085638,209067963.45869,0.0584604212085638
2024-02-07,PHPC.OM,,-7.31071e-10,209062530.017153,-7.310710000000001e-12
2024-02-15,PHPC.OM,,3.30647e-10,209073397.182659,3.30647e-12
2024-02-22,PHPC.OM,,-5.45454545454546,197664256.360943,-0.054545454545454605
2024-02-29,PHPC.OM,,1.92307692307692,201355596.082913,0.0192307692307692
2024-03-07,PHPC.OM,,11.3207547169811,224150569.224375,0.11320754716981099
2024-03-14,PHPC.OM,,1.69491525423728,227949731.414619,0.0169491525423728
2024-03-21,PHPC.OM,,0.0,228531478.125,0.0
2024-03-28,PHPC.OM,,3.33333333333332,235548055.795106,0.0333333333333332
2024-04-04,PHPC.OM,,-3.22580645161289,227949731.414619,-0.0322580645161289
2024-04-08,PHPC.OM,,1.66666666666666,231748893.604863,0.0166666666666666
2024-04-18,PHPC.OM,,0.0,231772975.164961,0.0
2024-04-25,PHPC.OM,,-1.63934426229507,227937889.87013,-0.0163934426229507
2024-05-02,PHPC.OM,,-1.1e-14,227997109.898675,-1.1e-16
2024-05-09,PHPC.OM,,1.66666666666666,231815129.93998,0.0166666666666666
2024-05-16,PHPC.OM,,-1.63934426229508,228038582.231115,-0.0163934426229508
2024-05-23,PHPC.OM,,-1.1e-14,228020806.527049,-1.1e-16
2024-05-30,PHPC.OM,,-1.66666666666667,224168037.771139,-0.0166666666666667
2024-06-06,PHPC.OM,,-1.1e-14,224150569.224375,-1.1e-16
2024-06-13,PHPC.OM,,0.0,224150569.224375,0.0
2024-06-13,PHPC.OM,,0.0,224150569.224375,0.0
