Date,.DFMGI,.EGX30,.FTFADGI,.MSX30,.QSI,.SPX,.TASI,FR MENA
2019-07-05,11.927241596298177,8.14544210766572,5.802780622846058,10.710776663860614,5.049365716912286,2.7476150569794906,3.640285678555919,4.901341551061456
2019-07-12,11.733259765673653,8.63603853813746,5.659265346882168,10.684618848511748,4.9670661883387766,2.6394245802553327,3.499698528896536,4.763009365207369
2019-07-19,11.393335667992627,8.87193112848669,5.4757399119337915,11.08863626211054,5.092658168808155,2.7835424646039693,3.522648105661866,4.770682218276837
2019-07-26,10.947042862261016,8.98306425123392,5.217769281523749,11.058585761419284,5.013628869321902,2.7045957396712486,3.5850851374620594,4.780783775586734
2019-08-02,10.947474462264065,9.389508463179293,5.655072885257352,11.229586618654958,5.445559660903605,3.104995159044725,3.7629712157626787,5.025830213450234
2019-08-09,11.3775557385346,9.0013500046162,5.978794059914526,10.97981457664269,5.765602521066384,3.214564619346513,3.7926328436736627,5.157095877195158
2019-08-16,11.498064629686368,9.029282705059938,6.225838232930104,11.202603237385777,6.098497415896324,3.4656538860643096,3.9902424071154305,5.363641049325825
2019-08-23,11.667909931544807,9.056656928643928,6.325998156901332,10.716948428489221,5.881422635694521,3.548783992906084,3.998423578971564,5.357558348697372
2019-08-30,11.724558356023742,8.661819866903238,6.127832535088912,10.675262051836143,5.669881574991191,3.431432850913227,4.328571234863663,5.533685523168308
2019-09-06,11.682291555019207,8.572328337964299,6.167258181644193,10.675342401277303,5.612631120915958,3.33814458740638,4.260119485107212,5.505425304565072
2019-09-13,11.344822749973844,8.102790320467363,5.842645796479873,10.225474707133312,5.123156307581681,2.9456443667686463,4.081929209123788,5.280343592615327
2019-09-20,11.837464929805249,8.499708765655887,5.976731484587687,10.446734045797802,5.238408258391263,3.0949559805596962,4.148299584194432,5.4254829281319
2019-09-27,12.03111178169898,9.218324188977544,6.1656430995249,10.502922600095216,5.3847906009991,3.1788911701402967,4.158801513469129,5.482993502357901
2019-10-04,12.374792438941398,8.893473398497994,6.39063219351172,10.649334115841164,5.511224772066582,3.3314753677836935,4.401770082412592,5.653518526243512
2019-10-11,11.921690063149718,8.608062298995392,6.079466670896199,10.442389654894862,5.316555947051853,3.0654202423761747,4.335632219215114,5.504768352355944
2019-10-18,12.141146200146412,8.8382963325318,6.045331999292185,10.516130882069737,5.244616243877089,3.0421546677503324,4.381843213674502,5.5153192889867935
2019-10-25,12.052044137183925,8.631891987225968,5.911859496381126,10.469977542883997,5.279312694929859,2.922571851668507,4.192820371197295,5.387571321769797
2019-11-01,12.93237052620468,8.452303352679305,6.054985459826564,10.373497681353046,5.328510654272612,2.899489415774834,4.396767641627596,5.612769532870131
2019-11-08,13.046904458169365,8.29759767151597,5.778818593348865,10.051702725441245,5.068153790144615,2.6345469395380112,4.22937108319694,5.425292169820553
2019-11-15,13.275300681127275,8.560437728482734,5.836835254238329,10.133792277423,5.108809991259003,2.680682877387985,4.231108944519416,5.4478361878131185
2019-11-22,13.423730067037187,8.799652361572385,6.020329469424404,10.176458180566645,5.232633179631157,2.7379431134212258,4.177080924583737,5.450676605413451
2019-11-29,13.44750387209821,8.910238155640785,6.0575403999179045,10.250458208057728,5.313568904583618,2.6882916932478036,4.332366079265824,5.5412855504830505
2019-12-06,13.305439559241,8.87671065357004,5.966071329619339,10.353386210765752,5.10426194512219,2.61456951022455,4.2158545008503605,5.411377654195425
2019-12-13,13.180680188181077,9.129479740517432,6.026562664749769,10.369870013629393,5.19484528657974,2.6055611374491496,4.007042442136282,5.377734750380273
2019-12-20,12.843082243178257,8.648184547361081,5.831874475982365,10.557972087249956,5.0496700571127615,2.417430811214733,3.7107122055510624,5.075772270581127
2019-12-27,12.899336141554436,8.431933280709474,5.936583608621155,10.73250810282061,5.036455728353365,2.4373281064857935,3.7301700494871977,5.092786841350025
2020-01-03,12.952761596188628,8.487485773589947,5.950584427182242,10.48397143085051,5.064309433848489,2.528795832392631,3.8004029462060327,5.1446589242731795
2020-01-10,12.979435469112294,8.418859648116195,5.944922066274288,10.498759975545694,5.067787609515082,2.448318543296365,3.7889267683149415,5.142238478280716
2020-01-17,12.518545038553622,8.345562455714553,5.763524366568012,10.150578951405667,4.9378927160248,2.3653923166423745,3.725999155840329,5.0243456870149155
2020-01-24,12.580391904090309,8.57148954143037,5.791853527760924,10.390399397445663,5.146148243461404,2.5641939426864058,3.9007806842483586,5.1832955074240274
2020-01-31,12.906226836692007,8.128052921802919,6.0721699511128655,10.284421103572658,5.4645620915489115,2.8825769970064874,3.981277764027083,5.306132595263494
2020-02-07,12.947771271164408,8.23745767760488,6.138781473637104,10.086439781660406,5.548516689028913,2.681907505046806,4.002588081330308,5.345662095863641
2020-02-14,12.760272754925762,8.436298900534897,6.286226554096723,10.102204894221181,5.6613973938416375,2.6173046553984127,4.091465721300666,5.481505968783889
2020-02-21,12.89245080860598,8.687739537274332,6.392908615703486,10.000191838958507,5.622948120049567,2.785081950750831,4.112104665578901,5.487102505948323
2020-02-28,14.051754269122831,9.693489796139174,6.9423225553991195,10.422971102164508,6.30095956614673,3.703886565284128,4.6443304610551746,6.1108168716253815
2020-03-06,15.262236862108834,10.829314009238281,7.82230840955692,11.199207658549014,6.864168988491824,4.09019843611331,5.163439402389269,6.730349626087247
2020-03-13,18.693214614384118,11.76843588846495,9.180772200725244,11.906545390008901,7.573504613379995,4.28453677190887,5.924416423457326,7.7440498102520445
2020-03-20,21.08789805092828,14.467400825421375,9.811590440604212,12.514522684316375,7.244830621134125,5.2214901420440025,5.977787151435684,7.997248931567609
2020-03-27,21.506158532379544,13.495071156910294,9.758249056635478,12.884527233204544,7.5328233221016845,4.840991563870244,6.048836817718979,8.04781938789595
2020-04-03,23.110995971000687,14.347832136893077,9.930251281770767,13.751844589701266,7.581849188185277,5.132743598370219,5.79005628241358,8.028873987722976
2020-04-09,21.610495120349814,12.990756154284961,8.848980786256071,13.140127282052706,7.0881325535697,4.382191868614019,5.427271096150617,7.566684950400509
2020-04-17,21.328641529427543,13.327667076854233,9.217900417764726,12.933116748178717,7.509091620493073,4.22759225325528,5.855323843295876,7.92444293962543
2020-04-24,20.76157275457159,13.459386656659232,9.240333251036011,13.199862620800022,7.458039382641772,4.32391606623191,5.91861553996391,7.974265463972747
2020-05-01,19.07737120120197,12.815328310010763,8.566407659731171,12.540787683871988,6.879910843937034,4.236255270012883,5.419621831120764,7.363438277083836
2020-05-08,20.019805054308563,13.18951046252604,8.649194655851105,12.343123281141327,6.743775883139967,3.975822454452784,5.626616131097493,7.517179512257509
2020-05-15,20.415601526952223,12.840250085599587,8.56789964126023,12.16363828185417,6.839062364909436,4.093544070715361,5.487101825692531,7.468557366016225
2020-05-22,19.85268448106464,13.092034765366092,8.342880492834952,12.207005697067322,6.70705926141997,3.899909545308039,5.088427020608549,7.07973414430108
2020-05-29,19.604489462686082,12.975079786017018,8.329776829349274,11.705963382358572,6.72205926141997,3.9149095453080385,5.103433627199616,7.058694479555894
2020-06-05,18.520887325968328,12.075758621495359,7.668932159619181,11.484854196195819,6.159391932464413,3.5968986757665045,4.716995043649169,6.551343111084599
2020-06-12,18.217321759066593,12.032944193342212,7.884086855689128,11.716358294825032,6.379718893454664,4.0238579713813705,4.847967001648004,6.686606192092231
2020-06-19,18.420325623146617,11.911928883188748,7.788458506937225,11.720937974829754,6.313765336742473,3.9309318612927973,4.898411756803654,6.701949393788235
2020-06-26,18.388164781807944,11.91171254883407,7.969540894426789,11.722908872907606,6.477999328249664,4.104942027968181,5.035240628799299,6.8186155465960185
2020-07-02,18.591700861813237,11.959887572469718,7.943703921240931,11.884369178075312,6.424202720584531,3.882566102525362,4.947520441301069,6.781159002245335
2020-07-10,18.453082047249506,11.747880453932602,8.003294546007268,12.383087884625397,6.382584419228875,3.826593186990296,4.9061473701236125,6.740250143409715
2020-07-17,18.819685725398674,12.291546110506044,8.051741829759017,12.522800226193764,6.399436517652218,3.694750375863145,4.918890080607406,6.777635540533635
2020-07-24,17.052911536398796,12.330128837304244,8.151028719734374,12.249799880342385,6.23086818558771,3.6982840441435916,5.054621127911544,6.7481339687291335
2020-07-31,17.211866706421887,12.199024884238625,7.796805588979366,11.938551914095246,6.394996386178484,3.577047945388595,5.091085186754517,6.741379502969535
2020-08-07,16.464406253458485,12.080976257754886,7.627183235431647,11.228756518519742,6.337949354371738,3.4543045901140266,5.363855693562151,6.976766220597868
2020-08-14,14.301642545564803,11.710675747105594,7.267701649821203,11.024370880120149,6.051182524928173,3.27393075196936,4.888552749937728,6.498144875143422
2020-08-21,13.727692232538223,11.490548967993545,7.0777406159991845,11.027250029168126,6.018583146726541,3.306364175221726,4.915061772286909,6.758676968584478
2020-08-28,13.391225245833121,10.995154102281521,7.018217586803699,10.635437039882357,5.848727026959472,3.078912156036055,4.798500420090031,6.658139285988666
2020-09-04,13.34347817585911,11.243603602665678,6.998161077318163,10.622728163160646,5.887696106299993,3.1798502515386993,4.7535262394063444,6.640943774816491
2020-09-11,13.467675185164245,11.266216944690733,7.104390558226756,10.843089168660791,5.9917117257250005,3.068766263565034,4.763653541139102,6.682687858756639
2020-09-18,13.147022021066036,11.262902540483083,7.095599793731397,11.001044692613295,5.834033005734877,3.060960302559681,4.5974280453094405,6.528036455395619
2020-09-25,13.593993484956677,11.466342086213606,7.198502618512748,11.114238017198344,5.983311524410495,3.122357378732814,4.70970090323024,6.65446994895198
2020-10-02,13.45899958673241,11.23755107777701,7.118579346508988,11.147452425188664,5.881084506273616,3.0432783046509684,4.663721682431762,6.475532926438441
2020-10-09,13.681528495986143,10.859332916436403,7.002489146513895,11.077371600295361,5.775216910432989,2.8413108638679554,4.500491438404945,6.29116901993649
2020-10-16,13.989920136259293,10.889994532022572,6.96119908308131,11.125520732491864,5.7412315065517046,2.851001509900634,4.455826741772965,6.244862548642485
2020-10-23,12.50958228564639,11.128468280310585,6.840205396200415,11.120937116096583,5.643432498678797,2.7746427166493115,4.440456752527309,6.103835091418336
2020-10-30,12.45280370946722,11.601500214320605,6.507108094689847,10.808849008699548,5.633452523940918,2.9994697849018848,4.7930166395369875,6.272568888102832
2020-11-06,12.690409770728346,11.482892286947738,6.412519723081284,10.63138258267612,5.4992630728175005,2.7873513491674413,4.541435835408208,6.122670206502782
2020-11-13,11.078617688783432,11.155366964341653,6.1379347065217535,10.271178171352272,5.226741306295501,2.664206099185577,4.237159850650786,6.446476475143029
2020-11-20,10.949271679970225,11.851378382490934,6.129835703280814,10.302964992196491,5.372988853785632,2.7778959522331554,4.220612442245058,5.388246766876251
2020-11-27,10.443395231469099,11.761696916379513,6.034978420729413,10.188709495234733,5.239715140977197,2.690516639036499,4.128685382954029,5.292103776767696
2020-12-04,10.3164207035557,11.619687302042893,5.916041833514179,9.93064587050567,5.018217291083537,2.5160297063932178,4.010521716939088,5.150456690157221
2020-12-11,9.882342871332888,11.733509222203987,5.805223798513304,10.051990303416291,5.102238428405074,2.6407493672871007,4.118272162773293,5.1915289695648505
2020-12-18,9.823544165485385,11.442637138952321,5.705346666640054,10.000765252998594,5.010648173406196,2.4715317498393676,4.016972121681537,5.0695604448902785
2020-12-24,9.903367638997523,11.642116805022813,5.726083493911348,10.09528538951231,4.992560156924154,2.4937945504146897,4.03971702928207,5.086745806929847
2020-12-31,10.057326472385268,11.508076805754968,5.868424101966729,9.946824423667893,5.065732944780692,2.4637177197836975,4.061426979647742,5.11755567601268
2021-01-08,9.293394382955004,11.236636978573916,5.5017213974537915,9.622867014028229,4.738847343880801,2.2145738546964235,3.852225249994545,4.865563238992715
2021-01-15,8.998024465291792,10.690268100234213,5.366338650506597,9.739948358689986,4.547627781954803,2.284172414772478,3.760882643271104,4.731501020279103
2021-01-22,8.899109791306607,10.479511856303501,4.9926131795395925,9.486421436202283,4.642474835492273,2.2136577167723273,3.771001802830269,4.685083203323327
2021-01-29,8.681276175990163,10.562750657440736,4.9704946881091026,9.882237543342418,4.585439916353209,2.376659220482998,3.7870845769930073,4.6537144213603465
2021-02-05,8.442593266186167,9.563898079490954,4.839409533447472,9.689072048857136,4.58021635189024,2.1911694180639327,3.4972768353249384,3.936657651713692
2021-02-12,8.405206790496994,9.59133973403664,4.830482884886525,9.780877899226287,4.594380609684728,2.1135437455702064,3.321670558317794,3.7997100168190245
2021-02-19,6.6138558985468725,9.61115456504614,4.793260637912598,9.662227345475038,4.349660287887856,1.9948750352356817,3.070219615231272,3.498921580784745
2021-02-26,6.664627042337701,9.31200652971916,4.684371345097466,9.485721110847296,4.144370968572959,1.9951486458037833,2.825252608888309,3.277456687214602
2021-03-05,6.411087428782161,9.141679052619532,4.494165168132943,9.23540696024643,4.120100116092088,1.8807370760289353,2.684521976524522,3.179665068581339
2021-03-12,6.297277388567368,8.97123094855766,4.486258457283716,9.231576908741403,3.8465185121843195,1.7200156813432945,2.435166412823955,2.947882110398881
2021-03-19,6.07972493041706,9.298247143717504,4.276015894806851,8.811885231918026,3.7192340776266635,1.6343527654924606,2.4003184910095214,2.859870002323486
2021-03-26,6.5259788916348285,9.39087158224169,4.355906055611036,9.062641715794237,3.8683163125687923,1.6497842186178675,2.4511000111410803,2.9639267865928325
2021-04-02,6.319225163361083,9.765977629935348,4.123919980475973,9.008649460309659,3.6672571547430293,1.6527450916159627,2.1458082415991946,3.034610322847916
2021-04-09,6.235284511823087,10.042998599603767,4.006609860017006,8.93933108783123,3.632883525241232,1.562092149118489,2.1174074881201004,2.9881587701106196
2021-04-16,6.183616005621996,9.382182349010199,4.027763047957654,9.000339324892284,3.5491216237535315,1.7178874667867183,2.2226037040537427,3.0499221120836713
2021-04-23,6.266810412387447,9.797411209855216,4.098022677085775,8.99685639916165,3.6070016763765427,1.7786184442606585,2.2224505486177035,3.055526774830712
2021-04-30,6.075933079929373,9.87540734292891,4.228641659473957,8.5627734393078,3.8501669843002935,1.9192500618631068,2.2160238653972515,3.079630668655181
2021-05-07,6.05239740044079,9.812701373383517,4.516639362469271,8.512866258551593,3.9097513529772083,1.9699044354562523,2.4193590734362616,3.2477533422853524
2021-05-14,5.824535748333167,9.781919646577837,4.49872752755577,8.363460237123483,3.835297923365503,1.9697246404918,2.3409550144545843,3.177861506059873
2021-05-21,5.879511391207024,9.868849337723592,4.055075495358494,8.30831832875416,3.9560188405643224,2.0127903917493617,2.2830558169507817,3.179212820150129
2021-05-28,5.744731569636173,10.65082849824546,4.068078050415296,8.430826635913567,3.958980696873512,2.0235842085467115,2.2570957518813497,3.176813567066918
2021-06-04,5.7499575510765,11.01099469252604,4.045431438846986,8.240923639043743,3.997142428449013,2.0476688939211862,2.2309675648606118,3.1523887758439186
2021-06-11,5.77126782403774,11.24918037292061,4.1686876984113574,8.068753358399215,4.11153019041966,2.1300533721658255,2.299951248873766,3.227685833256344
2021-06-18,5.741305998699812,11.466775921063002,4.246304920923895,8.08497907072094,4.113068789014497,2.1981385008485574,2.2910938584332676,3.2256960591830905
2021-06-25,5.661403176933762,10.877246920583769,4.2245412143681715,8.057071500039811,4.017799937686364,2.027228056572659,2.1879814724473783,3.1258025418944535
2021-07-02,5.881272052989045,10.974840139105492,4.052082724097444,8.085491722161573,4.097899892222252,2.066813202561691,2.2673138512668674,3.189734167094177
2021-07-09,6.047727480637403,12.61895129729473,4.171051323645886,8.013375446802092,4.1552694437585975,2.115483326639156,2.400873199518519,3.317783904796892
2021-07-16,6.203781656299071,11.01067700638503,4.207510898486371,7.668596486854399,4.470015540574064,2.3016491250242592,2.468263011843898,3.4162240438704443
2021-07-23,6.222507507507507,10.93212767997967,4.264466557527157,7.658903835145965,4.529284767387908,2.3131888156777407,2.482263011843898,3.4441184592153737
2021-07-30,6.233227598074856,10.478065671809675,4.316709880830023,8.18512916334466,4.683290078505878,2.4514318174269567,2.527095350002071,3.493957094797344
2021-08-06,5.9667776338107466,10.4867767796692,3.9661428916700814,8.296318521408013,4.546884440113663,2.5084769453242775,2.7929164105891617,3.660378515328097
2021-08-13,5.602987442022856,10.49720527106622,3.869935950145269,8.43917876403105,5.0208337916921755,2.442156446305714,2.912815521674025,3.6888973892345502
2021-08-20,5.706306067443595,10.759866435244172,3.4751264941691646,8.374533250219427,4.971876922923523,2.5151077698890614,3.013318000668347,3.77354860142852
2021-08-27,5.506798609510587,10.591670734944536,3.426840149917947,8.371851306399961,4.880264870414472,2.407063435693116,2.9899819230719586,3.727667220694083
2021-09-03,5.470140135435274,10.509225206188678,3.403167708014877,8.319500101717828,4.886631114803177,2.3800295636676894,2.9174096367716214,3.671141919573466
2021-09-10,5.48176702775024,10.648775119777854,3.253680279172774,8.329057633543496,4.851751879345377,2.4248542463772482,2.87850364290847,3.601081278457121
2021-09-17,5.466419520985756,10.687577343329867,3.2050216627275727,8.339473144568231,4.7763797208806045,2.405378566647324,2.8470160815908265,3.5572394549684807
2021-09-24,5.530129654694123,11.003072311561924,3.151173832831759,8.26603034736198,4.655473559402274,2.3033671778802773,2.80682660503356,3.5184696466468743
2021-10-01,5.509190957879852,11.189209262826434,3.222967362517124,8.211808732221238,4.604523764247588,2.3942245024039983,2.7107027648036905,3.512625860790575
2021-10-08,5.562087016320174,11.024037187462902,3.0822370752953074,7.943198350453253,4.437336233050491,2.2239134271187386,2.5308528397385976,3.35293194742609
2021-10-15,5.546821663064893,10.550886033950428,3.044828662445694,7.978009292229437,4.435016991942833,2.213956085778834,2.5145969039908267,3.3286655631169144
2021-10-22,5.426781832963428,10.295315368822584,2.949545515241737,7.72828368012386,4.352615253094823,2.1077963296179476,2.408258432581806,3.2508927130322585
2021-10-29,5.709942203789335,9.988557953103697,3.321035308760229,7.68564878407627,5.034836891286782,2.2752077154393455,2.873213854403768,3.639215414411943
2021-11-05,5.185237309017912,10.020442422823889,3.355577733303776,8.095955105587572,5.063024859938045,2.3675546604845,3.030494686834621,3.701790630446359
2021-11-12,5.2111585854110665,9.935954288821382,3.151897916773224,8.01443046465042,4.877897743052976,2.2479593842960943,2.8668100919448354,3.5229340929727573
2021-11-19,5.829549263739695,11.430334209857527,3.2646551934207975,7.833357889795739,4.974776963568948,2.287612181722522,2.998343343198553,4.043597420886888
2021-11-26,5.892101182844403,11.55515585594279,3.24633806498682,7.750725263033456,5.1144969863397005,2.4384503450086052,3.2096373157941684,4.214626275505114
2021-12-03,6.24758919020647,11.823061060180821,3.338174724595474,8.213100572195083,5.363623776741392,2.636394082989918,3.5297877427600612,4.494773172834009
2021-12-10,5.769426852114634,11.4056570988311,3.013930507174069,7.9779895541237265,5.190910702953723,2.33886694793833,3.3738931588332752,4.259537141011041
2021-12-17,5.751004190229854,11.349068539543614,3.1077414925981612,8.082363603944357,5.233162913155007,2.822062881089672,3.290885819741563,4.222793640383318
2021-12-23,5.9390874429680185,11.132640909096647,3.251517235882214,7.769157971661501,5.13337389579762,2.374969192398977,3.2091250784079355,4.225327755104608
2021-12-31,5.824209432763079,10.881439731316641,3.2136205524657795,7.829418506344509,5.177121820973233,2.274288092659467,3.1996454461494803,4.185436023549886
2022-01-07,5.497280100565317,10.53082042262183,2.9937461803966325,7.346811831412175,4.715546029901539,2.094003972326985,2.875888949994984,3.856037265871886
2022-01-14,5.1613991544026385,10.552848496799854,2.9907461803966324,7.144947550514507,4.556637273521805,2.10711889693375,2.6172761205821926,3.645426234970027
2022-01-21,5.167390852537478,10.879820629699545,3.015746180396633,7.461170962585358,4.540378464974272,2.3914853061009964,2.5825497398157076,3.594646359507757
2022-01-28,5.759851887149529,11.108491350533455,2.985819542243033,7.514742800524595,4.505295864589586,2.4809508567493888,2.6651477656020237,3.6811415205674773
2022-02-04,5.784382806664485,11.558597727913531,2.8860487962345993,7.711127150417354,4.128749314680771,2.3988697902343215,2.6032049821947845,3.5680024750011134
2022-02-11,5.66755422696435,11.565216756864885,2.8525169429649613,7.781218021148108,4.312905871033696,2.4818284637235055,2.6037234075889892,3.577548595665728
2022-02-18,5.68855422696435,11.944571102320802,2.757125029997601,7.790317310038269,4.209474117205017,2.6121552890218833,2.5768655336106265,3.571491179184118
2022-02-25,5.63455422696435,12.817416791615294,2.7188194343072567,7.811835202705218,4.183829096857122,2.55818004656643,2.5780833392260245,3.6022551309753377
2022-03-04,5.89655422696435,12.525957199136574,2.7067116921974512,7.524075041145034,4.068210259905168,2.8799116340928017,2.7214807028520034,3.6734922820180658
2022-03-11,5.612554226964351,13.896726204353213,2.4475633628500666,6.640487494152811,3.710484110746591,2.7276292167169065,2.5221016250903925,3.432707937032815
2022-03-18,5.4705542269643495,13.394889827334037,2.3487951341079207,6.791282604692409,3.6689363592260684,2.303465889974898,2.2690664848013156,3.256581571890123
2022-03-25,5.125554226964351,11.951291976918021,1.8970083410158476,6.451047825612532,3.223918763727751,1.8812006148376388,2.011102787228887,2.8686198096839433
2022-04-01,5.24355422696435,12.648993317327772,1.9460860790594552,6.825258343254278,3.4263456801439656,2.0028064475457796,2.103926204316073,2.918890321180325
2022-04-08,4.90355422696435,12.72863382526455,1.3751685844785468,6.352325800803545,2.848613522473939,1.7238928690961615,1.6885326900652773,2.503179930149444
2022-04-14,4.81055422696435,13.228254764772196,1.3348847818170446,6.21988623779994,2.8249078985761136,1.699645643157642,1.5021144593995839,2.363173603020379
2022-04-22,4.71255422696435,13.696746094203979,1.1771592546437772,6.084768279130987,2.8148139802963725,1.8286108575990032,1.3400843671487244,2.237506400322189
2022-04-29,4.73355422696435,12.920728628284035,1.6284826754480983,6.403751043823398,3.3085688458532205,2.001976452103966,1.526425415368788,2.4469029614988616
2022-05-06,4.49455422696435,12.682028419239098,1.3922793806555114,6.134281996159665,3.073679960483593,1.8386116835759378,1.290666050379286,2.2157609816189416
2022-05-13,4.68555422696435,13.372632780844143,1.9509380951078565,6.412130626235893,3.4756665679732013,2.1715540278759695,1.8933945867158313,2.8587059296064483
2022-05-20,4.83155422696435,13.933870154082818,1.8834048587155827,6.5173162723187295,3.8297105023737448,2.4772412201668876,2.2679677189761467,3.0644503990104024
2022-05-27,4.86955422696435,15.398140645784144,2.0379656669248436,6.653835330965698,3.817031293705145,2.1955028994565002,2.262860568034253,3.2182457878703796
2022-06-03,4.66355422696435,15.315112653514623,1.7632274563092132,6.394988780013465,3.625583855722015,2.0480718861380893,2.0594742800092467,2.9452236774796132
2022-06-10,4.46155422696435,15.050374715054588,1.6680345954980496,6.125603287526781,3.2733099087860538,2.113072784975233,1.8525582371164182,2.7777181008902074
2022-06-17,4.37955422696435,15.579357684288176,1.652015937375432,6.047422043737192,3.4663206048467403,2.3564292057903744,2.073042666326696,2.9891780212580175
2022-06-24,4.49455422696435,16.186200999882207,1.8832931224328227,6.198270905192505,4.042732600606593,2.1196377632109518,2.447462079793366,3.357116618619989
2022-07-01,4.71455422696435,16.903079050052487,2.045203846323261,6.396456838439903,4.0052886403694545,2.4557490351111806,2.317367716387838,3.484257870972523
2022-07-08,4.51755422696435,17.742364202355716,1.913602522545653,5.917149024912638,3.8692926128838883,2.156825352918383,2.2617440517783667,3.296915814944125
2022-07-15,4.688554226964349,17.913624873114433,2.069865003644902,6.015584012452255,4.157699651639561,2.357432776901533,2.54064805843965,3.5352065213245134
2022-07-22,4.83755422696435,16.90477564908924,2.0231423236771673,5.8682770069349885,3.8013424713799746,2.3619614715041357,2.3662155108251084,3.316114845255225
2022-07-29,7.22224821605071,16.819386662722493,2.3068340052200305,5.577696035640603,3.9778466975901776,2.3138974684284555,2.5292725467483037,3.4913325155556643
2022-08-05,7.139223257178555,15.34704282321103,2.0109426594322937,5.085010381763601,3.653814317172178,2.1369195356534076,2.316313648246596,3.267205892232245
2022-08-12,7.496530368787122,15.404038218211422,1.8575025038593314,5.173488640156085,3.6332047274719077,1.9897861614586807,2.228515896432893,3.1932741669818725
2022-08-19,7.3167404004604615,15.489413517329055,1.7880959269524714,4.95323769370125,3.3918553919504246,1.904948143725469,2.14393005612859,3.0468991135678563
2022-08-26,7.152500955078214,15.519975609484561,1.7441118402973759,5.026941509001965,3.4721207422282196,2.0647069198433163,2.0913911744049543,3.006109751861418
2022-09-02,7.1903161224953775,15.888745705149244,1.7472594117051559,4.807669021474828,3.594208787659605,2.082630214104113,2.025157569687866,3.0443236070598836
2022-09-09,7.1545370022155765,15.41302924007284,1.5962621471126819,4.8251417835977435,3.58688064840131,1.7680870127008341,2.0098882325973153,3.026699022581304
2022-09-16,6.741549293220335,15.713208079859747,1.2754721197052223,4.7212129093704105,3.39577693573606,1.8605063000099786,1.841696732907593,2.8125732348159973
2022-09-23,6.727669772523282,15.68637604137188,1.123703572044933,4.519461022341379,3.3775873746913714,1.870494738717472,1.6941814288895083,2.7637538278351235
2022-09-30,6.81991038519112,15.632270412943003,1.1539417798812672,4.339866284230705,3.309518958239375,1.9225962600745148,1.6272847432495916,2.6666449485939627
2022-10-07,6.63814776814559,15.11965043796217,0.9945769211626274,4.164591925937314,3.0461981546378034,1.7566439073348707,1.3675836145654143,2.4105879260696517
2022-10-14,6.517513211744662,15.389970681050716,0.9380335403235369,4.103280666258499,3.1394805550037663,1.707675167282125,1.4114379743982717,2.4628157797704606
2022-10-21,6.257362457703776,14.504987912569206,0.5666710706899254,3.9778874545666003,2.9826793906969913,1.214077293385829,0.9776802170947025,2.0333550172059534
2022-10-28,7.055043646064661,13.424025289797088,1.1497537146356933,4.300859384414645,3.290708898834077,1.0202190408881355,1.5806305504478928,2.4525199691867057
2022-11-04,6.916013167001654,13.222241446314172,0.9176242637172551,4.22429290916696,3.134669408710364,1.0878466009536947,1.5494595926129486,2.3472285774691404
2022-11-10,7.132138379987591,13.08446227029404,1.3238091311900049,4.524786186513314,3.3134949163292435,1.2593645385769263,2.037017806883654,2.6873772852120585
2022-11-18,7.349394780806376,12.923248930652724,1.488151686958275,4.988832693076597,3.5293982128188595,1.2403378099622953,2.101485525673992,2.5784302801892314
2022-11-25,7.639636167116743,12.634319067914978,1.5704457241256042,5.064423895167597,3.8524905402669463,1.2743598027570036,2.3639330527232696,2.769465689906779
2022-12-02,7.790373613032553,11.900905814358287,1.756725231953883,5.156223198405318,3.957492959532794,1.4090545748911483,2.5755728483523725,2.9823408597875787
2022-12-09,7.729677872971116,10.653523343700094,1.8480002003550071,4.74565560252206,4.243626670009616,1.5210253831410316,2.7890789857223393,3.1871554941677864
2022-12-16,7.884994793916385,10.525505221297571,1.8905544132310972,4.765041786111321,4.703550048499385,1.7064416048680027,2.8108582980461305,3.28942512767522
2022-12-23,7.686432270633915,10.72450777192325,1.6329046573296635,4.587701613514886,4.428966419670722,1.4580584840371262,2.622609320012357,3.0733240199535405
2022-12-30,7.556628025408077,10.5013353250502,1.600045813043852,4.558346201471828,4.577003410286183,1.3832917479661666,2.4092145635375526,2.9220015403596515
2023-01-06,7.6319880609756225,9.573024332217845,1.871188717689725,4.7637502408742805,4.4821897073793,1.5712738620790723,2.653681109586756,3.139089895074324
2023-01-13,7.619465754339491,10.02871469113203,1.9270750084562067,4.815838399381817,4.6967546866279255,1.4939473904955047,2.62842888576733,3.127761738160598
2023-01-20,7.174162873781771,9.920610113510238,1.9634686974829965,4.931170870044516,4.912531225020318,1.5413806851503518,2.6895826225996347,3.1916610072637877
2023-01-27,7.6396011157601125,9.48089769347559,2.0957325370815107,4.983145954474662,4.7973237280257175,1.3079660136169453,2.568942230657372,3.1378929945395058
2023-02-03,7.533704835602357,9.428267707289763,2.0118856762071395,4.974395959121663,5.090756143282615,1.2646346811077347,2.6176795094523655,3.1970132171277603
2023-02-10,6.973758223504422,8.317936676464166,2.2369349263481317,4.70010780666634,5.06746401189765,1.0912013947637864,2.5324705661604034,3.0680843586853235
2023-02-17,6.824860559381708,8.812850678687274,2.1494292272379485,5.19540581233662,4.638927335136225,1.0272716354545532,2.348728557486812,3.0833181127678313
2023-02-24,6.8943761068376155,9.315816136383534,2.1003762185712223,5.035895492188084,4.676753567396032,1.0277585376292713,2.487700521565844,3.131598452181178
2023-03-03,6.779384723469533,10.664025477352975,2.066392080514091,4.752933772848821,4.546255091300053,0.9271907663417949,2.2168471476606504,3.004024376921592
2023-03-10,7.1258127512457445,11.613731181742196,2.369034996758773,4.973350638250658,4.714212460434656,1.4256764208724912,2.397126353137415,3.223021445866482
2023-03-17,7.409756816632031,13.720308337498546,2.793946112766846,5.2076671714738065,5.709439709905256,1.6400804678641827,2.9197043984476063,3.7793192945391074
2023-03-24,7.441583446037328,13.058662962938612,2.872574271511194,5.660191783199087,5.652168891248772,1.5850229971596619,2.65105401128036,3.6587727671264494
2023-03-31,7.085407946361531,12.024315058504483,2.8201316104149985,5.5330394288776965,5.336031851383744,1.2979397543116598,2.345865126153896,3.5077488242032535
2023-04-07,7.200421704904568,11.772671479602739,2.9007910865680193,5.821170593779454,5.33226531010657,1.4154276512272457,2.363234779660628,3.433116844601397
2023-04-14,6.876545035578621,10.857240977385768,2.645589440840174,5.603303188198428,5.487244385664129,1.2608239227286968,2.204019145517615,3.2770348090185117
2023-04-21,6.92908003608171,10.824091173324618,2.591518136152116,5.679481162134057,5.554452474911382,1.19581912801356,2.088443575000311,3.1900155945603634
2023-04-28,7.391305560013359,10.694692715443521,2.4998566221547147,5.840868466881146,5.419319733008761,1.1776746403553,2.1988349108580794,3.2093375965893953
2023-05-05,7.474714520509648,11.152540145985403,2.6664881188512184,6.229484257987112,5.012991654358835,1.207119265030506,2.249584668853012,3.4024660463326115
2023-05-12,7.497393521969012,11.100269395726261,2.7157627274788734,6.351486574763814,4.593433706829599,1.1145242643117435,2.1392252038509696,3.292236828470351
2023-05-19,7.533776178229402,11.785815646833392,2.6369096364611027,6.160022620243936,4.438345702299262,0.8176723452460832,1.9329898047059793,3.1417799208511603
2023-05-26,7.521597577434758,11.594258188824664,2.527642612486575,6.209949428994978,4.4561314713141,0.6722136460872377,1.7883456670201787,3.036838805319261
2023-06-02,7.421890173770192,12.497241817451785,2.6941480362074643,6.323737969146443,4.825366449902635,0.7232940050575398,2.0355875422698158,3.2729857879957946
2023-06-09,7.078166772012156,12.4931157290508,2.668960883818154,6.161217835748963,4.73354969320368,0.6560016679796323,1.8033704158670076,3.0331629280579344
2023-06-16,6.7360182472166965,11.89547938319546,2.589228978900217,6.12888353556359,4.697948841848403,0.5214368308259303,1.7193838356119269,2.9732063465736784
2023-06-23,6.770301783008141,12.044052473914562,2.529032345554116,5.975962985991022,4.867763022247623,0.5857394993162588,1.7587195459323466,2.9757352178461547
2023-06-30,6.724384974832941,12.013128772202581,2.4600405626020345,5.8267873952708635,4.814640115345433,0.4099395638018004,1.6787497710187216,2.9345716263545976
2023-07-07,6.051612477869224,12.29937518370363,2.183725465073672,5.800956404579372,4.441627373275333,0.23111100613025393,1.4030676733698444,2.6131068628051786
2023-07-14,6.043946584756453,11.919133308885215,2.3601641451596955,6.016575140613842,4.672583426893295,0.387985578391826,1.5853031429135123,2.7718491784907973
2023-07-21,6.104510914494755,11.695052974227453,2.550494648478757,5.948110766604811,4.439392402422589,0.34146044427425304,1.566154138780575,2.7387010671662213
2023-07-28,6.371609330745423,12.421513826217938,2.3953960410910864,5.800527086502324,3.9776556896862743,0.18366353915733358,1.3664959877070175,2.526733602170095
2023-08-04,6.120480228169016,12.256244940120197,2.349810041150996,5.624374564355304,3.9441935913622777,0.14298812511353454,1.3852995557182481,2.673526196145258
2023-08-11,6.029328503878554,11.861263022574011,2.1998408752979346,5.511361471882423,3.538481690555476,0.20524414247679523,1.1447002223896305,2.4996312506542617
2023-08-18,5.86905420301031,11.579524734403371,2.1842383354869925,5.356209249821066,3.616034529201251,0.22873680650314387,1.092570188863145,2.370959610019555
2023-08-25,5.781070200611826,11.539121740831728,2.2348118127644154,5.373297589043518,3.783495076193648,0.21695069936146183,1.1452119828868206,2.40520482488866
2023-09-01,5.8628480492318555,11.031593003454484,2.314200429193181,5.397064837189273,3.9835270160487823,0.1812059452327972,1.1876425909486628,2.4308508375003637
2023-09-08,5.818328394897554,10.944964349178312,2.2948433883320307,5.5183780318898865,3.8658340075809186,0.15405386439789925,1.2182237961223876,2.4555940774209217
2023-09-15,5.789530177861816,10.647499644474383,1.9804839349684498,5.360576107468849,3.734940006413324,0.07749141879198795,1.1870044678026233,2.429241722133744
2023-09-22,5.323832421391386,9.842980115235083,1.88249930926695,5.397378299333714,3.6137669481458206,0.08826361014910589,1.1765891577362888,2.3302102624201204
2023-09-29,5.173546708048509,9.459775102108967,1.7747091583812855,5.314105419706749,4.911142281441363,-0.004085106285810269,0.6977316582279149,2.2123033059107
2023-10-06,4.984044634730397,9.600508568379478,1.578740491965113,4.93890314966983,4.875813992434068,-0.23989216218413567,0.6131778978984164,2.202264452189218
2023-10-13,5.633546733072185,9.437913494108777,1.9589841756620103,5.004735027971549,5.0040482914343904,-0.09539465034568728,0.9100000997020032,2.5123676576028435
2023-10-20,6.000615781262973,7.609495767438479,1.9564656699165397,4.99453903887373,5.065670680516345,-0.2917218224308815,0.5717888517923138,2.168897810493374
2023-10-27,6.254826287718598,6.751367553827438,1.6374694578451496,5.438992451549541,5.498967966800001,-0.01524406688632407,0.8087070509076755,2.261795233330302
2023-11-03,6.218105924810798,7.660157648444507,1.7401136519800957,6.23669462348645,4.094510006627823,-0.03616996112130533,1.2140224300791633,2.3776688967154067
2023-11-10,6.050375861744932,7.363629842370026,1.4776360515828557,6.10887149038513,3.7959540186893825,-0.1796034023116535,0.9344591854557267,2.3013106375312242
2023-11-17,6.706948888883935,7.5420511724217265,1.5976145244379714,5.6695794069740755,3.7839490670029035,-0.07686152239479416,1.031992424283886,2.4222719550922402
2023-11-24,6.660817993977341,6.883124003955759,1.5949497520092457,5.592673407961177,3.747157234857962,-0.1392077114849366,0.9892440464787882,2.3687977917544387
2023-12-01,6.894300945722678,7.709088784567175,1.8575080193805489,5.856086285538604,4.141743618401625,0.09655586543542327,1.230829105658949,2.6390176002086356
2023-12-08,7.025056474252991,7.886373065197637,1.9615425647792364,5.931780860324699,4.284111991505003,0.0667851868619902,1.1307169190476163,2.7390595824091095
2023-12-15,7.188187503404333,8.488884479515246,2.1900676939718062,6.302189493799994,4.534005173669963,0.26851261408744165,1.3903511834926885,2.9474559286712703
2023-12-22,7.146854186473281,8.621820973917924,2.2127788813542106,5.740961144598366,4.261247195701669,0.25945848377858516,1.4052337243696242,2.816605870849909
2023-12-29,7.0962505957461275,8.344766693679885,2.243359166818234,5.9527723044314484,4.073164674252359,0.29601341893612654,1.2773364143652253,2.7574636188393895
2024-01-05,6.806187213675658,9.32573296616627,2.0613591668182343,5.532572997980722,4.003447121701065,0.17707816517353514,1.0248212384932494,2.5031965457070715
2024-01-12,6.874256292410789,9.20966090185788,2.153359166818234,5.561969386677725,4.071137301015637,0.1782771295923986,1.0508126320527085,2.4835739918911237
2024-01-19,6.638659468984938,7.62721029543694,1.3258244813804758,5.383000560305233,4.025970956815219,-0.08418403519482354,0.8486582130411522,2.324326757971604
2024-01-26,6.711184078498647,7.293769721959739,1.4046692471892852,5.326091019043327,4.063914155494478,-0.14763066782276368,0.834658213041152,2.2779063928410483
2024-02-02,6.9561636966532,6.982167342875141,1.7601357401679554,5.4919297864863905,4.550996687349278,-0.034818750801733245,0.9247230920342213,2.581908132157647
2024-02-09,6.952988436692002,6.19841306422651,1.1916979893351174,5.667906215784996,4.36081949398618,-0.23093448122530447,0.6954596660006986,2.239016627960626
2024-02-16,7.589021457789144,6.25041964970225,0.6798496476065257,5.348359630775047,4.01971529999077,-0.31860230615160656,0.433642142037062,2.0562387456049427
2024-02-23,7.7713199320471045,5.9538055924671145,0.7912372247896542,5.516117141346035,3.929954529372454,-0.3205819465925215,0.4064056590434708,2.058268895414958
2024-03-01,7.637506677430297,6.6305992731770775,1.6439407000799893,5.654913806010159,3.8800065044268486,-0.25753804373420497,0.35048545638729145,2.2028928327662474
2024-03-08,8.024021665984357,5.687113733448288,1.7765213465644756,5.2605377952034535,4.166339306173255,-0.15045110056460542,0.4419436067320399,2.301608962321115
2024-03-15,7.628163265403526,5.5587888810863255,1.5796784993324966,5.090099378298502,3.9300444803082826,-0.3794179091239469,0.19757239923905434,2.094804191472698
2024-03-22,7.657130626436892,6.318619494221192,1.481834191823359,5.182961342306864,4.285271208433883,-0.3759423783566129,0.2599314106289974,2.1881745272563506
2024-03-28,7.834266426101338,6.939762131625561,1.5421420544107498,5.447230529534944,4.321044380411311,-0.366100816146385,0.5089919494183812,2.2809897047663696
2024-04-05,7.639844094912126,6.92275025680955,1.3783034400820622,5.367050001851558,4.4891977526974,-0.5064547733829716,0.21897408777646188,2.0387677842323324
2024-04-12,7.518844094912127,6.674009584207622,1.2573034400820626,5.2158025417809375,4.312644058925227,-0.5676647023094623,0.0980078994983753,1.8840914460829836
2024-04-19,7.518139364878687,6.692433280489928,1.222081225903799,4.8924657374703475,4.301494355413247,-0.5620062967310178,0.07264355908399622,1.8911004450823317
2024-04-26,7.764604551693956,7.756277487509492,1.2663908959413206,4.862761736458226,4.414328640280202,-0.7026174717563811,0.13252880677207646,1.9467868552254126
2024-05-03,7.974536352670112,7.784302994790226,1.5710851214702704,5.138210492734235,4.629410304000233,-0.5320908619449347,0.258553380738042,2.177051707756129
2024-05-10,7.890169287000623,7.844834825690022,1.6959163011299356,5.356668750554663,4.604463584362591,-0.6067897010761749,0.27847852906264414,2.1676348107223857
2024-05-17,7.896317519592182,8.552086663916585,1.7812081193658154,5.414708061608545,4.626662686135084,-0.5827353250527718,0.4246795728930488,2.392420677876732
2024-05-24,7.9455652583185765,7.982425147254266,1.8582657529806017,5.2372462518449465,4.7230111382086895,-0.6109225112772663,0.47496717716493375,2.315534436877491
2024-05-31,7.97824199843872,8.69788257735377,1.792144722989577,5.1507320021953715,4.902360854334419,-0.62741868017465,0.6372961169672919,2.483134883688395
2024-06-07,8.077643171481132,9.661666638487333,1.8068648655389046,5.387883473684108,4.783996598930856,-0.593692688704476,0.6251311474498618,2.5759635429689665
2024-06-14,8.211768029580888,9.917181360877766,2.0435263390374088,5.781323224408536,4.852344818520863,-0.44937520779913376,0.8422258144095158,2.7241315516004656
2024-06-21,7.960560544121279,10.096462629324698,1.9392705886580996,5.737323224408536,4.7773050631859295,-0.5288298343834965,0.3637966345813952,2.7097865418404297
