Date,Financials,Consumer Staples,Industrials,Basic Materials,Consumer Discretionary,Energy,Health Care,Utilities,Telecommunications,Technology,Real Estate
2019-07-04,2.5526617890592016,3.443724498566857,2.2726133792140897,2.0076627173866775,5.690972562690869,1.9299758794900206,2.029280400697657,1.054082871909402,2.598501612154359,4.233191967982005,1.3099000353467196
2019-07-11,2.607411530667316,3.4811400105096806,2.3612870924794342,1.9782169943323582,5.79235410080606,1.9865291017441367,2.0542951028169756,1.128897950394461,2.649552258078788,4.354606537704652,1.3239376758423522
2019-07-18,2.6130786136808792,3.517486802567833,2.4174464024684177,1.9957615799807267,5.745561718391675,2.0655311221100368,2.0769063272667894,1.177396692321645,2.7580649590428763,4.582999954054763,1.351044222588178
2019-07-25,2.537778412353496,3.416849599479284,2.3584834760911164,1.950690366799687,5.603852798032475,2.0178877493880703,2.0386707077697075,1.1711945304783453,2.681310345020778,4.631718365957176,1.32312198123045
2019-08-01,2.4948962450050125,3.427800972854251,2.1768472064876017,1.9001695680105528,5.540187019861446,1.9281349882574998,2.011307125928159,1.1234536409104134,2.6498461636941077,4.500636673093685,1.3043885052848316
2019-08-08,2.433428627721158,3.450798528686366,2.1565315770300097,1.8604248140911275,5.6113282734087635,2.0281817382495655,2.039334819417064,1.146442175891861,2.6855032455296164,4.297401219331854,1.30942323693552
2019-08-22,2.433428627721158,3.450798528686366,2.1565315770300097,1.8604248140911275,5.6113282734087635,2.0281817382495655,2.039334819417064,1.146442175891861,2.6855032455296164,4.297401219331854,1.30942323693552
2019-08-29,2.400637075317303,3.4454070705086366,2.1385736977764935,1.8357420530655972,5.67070395457112,2.0192628998845374,2.0224602331778088,1.1609735838337598,2.6272604620141635,4.273553852596688,1.286533421791001
2019-09-05,2.2187067082269047,3.3307041671543645,2.11304548149182,1.7758483366240279,5.3333760653936,2.0739925678440683,1.9895792139949253,1.1687955881465673,2.4460039958374433,4.017247739477837,1.261829052523814
2019-09-12,2.2106081656429835,3.3030547193826925,2.1047789179902585,1.7809126122560375,5.4287779284893904,2.09105182425768,1.9936314272930136,1.2004898663914256,2.5314704167033333,4.13440041578946,1.2739658806678102
2019-09-19,2.138732314405129,3.313239747796429,2.046783586248635,1.7055918982395897,5.462546099732266,2.063922659386865,1.989343991934684,1.189330016377218,2.4574806637028783,3.9997938899063,1.267193464912381
2019-09-26,2.1904408528396737,3.3968432685419443,2.0506042492128906,1.6962791191559243,5.3721923841046335,2.034358624223891,2.007250636852253,1.1946540738777616,2.5491538685686663,3.7725351725876344,1.251121739262958
2019-10-03,2.2069089040999263,3.378720582871242,2.148704922834674,1.7267981906722845,5.21469015431034,2.1045581346290163,2.00236016705157,1.1955708829567289,2.587867038431023,3.9716287458765125,1.268676962049423
2019-10-10,2.156039597654541,3.337249293789101,2.1547405506673067,1.6887507505354196,5.130585516972221,2.233550374668361,1.9928704765696672,1.1830845911990933,2.532219526236349,4.175204642375739,1.3250212090665896
2019-10-17,2.0650426342934356,3.2308304968057615,2.1348471865584204,1.6571278961465934,4.980339124406152,2.207878268675453,1.9553330262037805,1.1713033426834139,2.4742809185440646,3.923215609670386,1.3125804379406172
2019-10-24,2.060533605368286,3.190584368710008,2.1298108387774946,1.6714557969852073,4.8286236018945425,2.182964186417216,1.9272169918181403,1.1186599314065968,2.4367987201309482,3.988224885799212,1.2861167379702583
2019-10-31,2.1836798914750557,3.3366305978302173,2.201107404420536,1.665457552417061,4.9551987507408715,2.2470168867678573,1.950436681974457,1.1826586820710125,2.4506763486836487,4.0292433374115,1.325401306416112
2019-11-07,2.1305125823493034,3.2714388443781575,2.146063176277513,1.6331619944630413,4.992527677423978,2.2620211000063803,1.888038101719452,1.1829362057578396,2.349359190182062,4.0498090180146376,1.2576384723539944
2019-11-14,2.1525639063892683,3.362602288525995,2.143158440545117,1.6623357632850364,4.248242956863702,2.2950625223654053,1.8991752309981238,1.1901275692502158,2.3414614721512583,3.8667549342109524,1.245495729345643
2019-11-21,2.203193416808662,3.424171096944206,2.1662429315095646,1.6796506643735374,4.218168018827224,2.2891975971830347,1.8824543931413438,1.1917477274656734,2.4071369675550836,3.76906849376774,1.2256383008346319
2019-11-28,2.2655342008154276,3.442615222944782,2.224720822125276,1.6920983130019243,4.249064977579501,2.252018016302792,1.8874278538737237,1.1919502472426058,2.4240348319262357,3.712084736842511,1.2350298529958625
2019-12-05,2.2102285053176534,3.2955672467395076,2.2090805528182607,1.6451194546612438,4.196045466905103,2.2049676045733055,1.8831059298731023,1.1911498085904164,2.2879675299769926,3.541416771853791,1.2253811583843353
2019-12-12,2.229681738554247,3.2918701874442333,2.2833797473660877,1.6327566739016885,4.208454433080795,2.213850643266752,1.88423349259121,1.1919599525079303,2.3119869764786594,3.5658403357976156,1.2053003558205295
2019-12-19,2.2499138665915424,3.3164081104657996,2.3434547123172798,1.644062042407342,4.260461711934439,2.2090948535198116,1.9015182928377714,1.19053260880408,2.3885877405786435,3.4190254155128468,1.1924549821613937
2019-12-26,2.3720468164842763,3.4772798663256483,2.4195848766151675,1.6915158619568373,4.379807887938111,2.3395783514658928,1.932337753500182,1.1921203733573695,2.50873797421123,3.6337806558229326,1.2145493640570229
2020-01-02,2.3564264361983884,3.447270828898459,2.4275485439607296,1.7152325441297795,4.493446490338177,2.4742762124917737,1.9864802039238973,1.1939064181629542,2.491723771566592,3.6530553234869876,1.2331585847459163
2020-01-09,2.355580366789605,3.44116947074009,2.479419293066912,1.720896465760884,4.6661402206066445,2.4947278943442455,1.984127272776287,1.1980088586090571,2.5311629598078627,3.703450419917065,1.251204684218089
2020-01-16,2.355754414679572,3.443425794411661,2.472261212490042,1.701813928230502,4.606518068443506,2.434912781178832,1.9576106512820586,1.196577978019504,2.4758897268874036,3.8251342429548223,1.236399839166941
2020-01-23,2.376839500670735,3.504757949030606,2.5173672827855094,1.7183746773496458,4.722690319201475,2.46480964950944,1.9895032542690951,1.1996047314407057,2.4836549665914474,3.7963455740412564,1.2328138110455147
2020-01-30,2.357019796561271,3.338504132406814,2.553530124167286,1.7001188392394366,4.717993589712224,2.478123521967715,2.013353098861243,1.199611607494694,2.4742917646131772,3.780271253370112,1.2298244648838104
2020-02-06,2.269460977380022,3.3149652697680763,2.5070590958422647,1.6244330603351784,4.658978132566315,2.433981578011483,1.9974000378327899,1.198784663520067,2.425425404286317,3.775698791227904,1.2340707954042707
2020-02-13,2.175343905470827,3.3366182730990706,2.4226355785886793,1.5956144797268361,4.629965451581385,2.3583546806178437,2.0195667140327216,1.200006192881205,2.323072125513283,3.9386544007607913,1.2372858890290694
2020-02-20,2.1014361184690826,3.334069710429153,2.346095416319037,1.5540295664648518,4.579211747887742,2.187232504751843,2.014311152414663,1.195784774680399,2.256310809319693,3.8582028668423725,1.2025678244885616
2020-02-27,2.133744864819935,3.353465421643395,2.342210675934037,1.5789615253761349,4.618810335977769,2.247492419543955,2.066604986490747,1.199220387042967,2.33137772362391,4.0876596920660795,1.2234849902230727
2020-03-05,1.8758737823782328,3.2172156448303286,2.1909769216766795,1.5025162645033818,4.302668857025453,2.114918860629469,2.0308995712984994,1.1969694489370504,2.1617935101590318,4.154885990495901,1.1893296205681956
2020-03-12,1.8132026813233395,3.1678817167223583,2.1160162184775637,1.4871007303304082,3.450919609720948,2.1107844500857706,2.0541829334891353,0.9788143018055933,2.1982626261005764,4.062934278756303,1.196816595694867
2020-03-19,1.5148916499104548,2.9835863765090256,1.8880947712197913,1.3189670672657936,2.8507949681679485,1.972612189865379,1.7889848581815122,0.9138781473604364,2.037283725076431,4.062934278756303,1.108203614553915
2020-03-26,1.4750135053558084,3.0588558911580352,1.8381637008276386,1.3127273499700765,2.7053523491200044,1.9689915489378633,1.7226245882225242,0.8944869225107054,2.118659292059466,4.062934278756303,1.075359282611506
2020-04-02,1.5032174841006054,2.7793855336051227,1.7871258810408828,1.228405274778669,2.5438219482565483,1.9665436018468878,1.6952494552585222,0.8950466707823455,2.114829968406461,2.351060845137326,1.054001597639119
2020-04-09,1.5647278295752238,3.0083384867849507,1.9569999717001905,1.318189891468433,2.805341298474574,1.8527276559755326,1.7265821433318613,1.002432001353834,2.342787291818428,2.616027128292908,1.071438432687702
2020-04-16,1.6203100160750465,3.231875243609824,1.943454977137606,1.3637447895461245,2.8710157844005524,1.8462886950045645,1.7581646013731402,1.03322049219801,2.4466558213486356,2.6479546953550117,1.0808395218770643
2020-04-23,1.5253325047683608,3.139707737581243,1.8615790561325263,1.3020161700728088,2.7663158991431174,1.813574423845131,1.6874695215301165,0.9704330774412875,2.3864839856012408,3.0059798811960814,1.0638504942861342
2020-04-30,1.505177968675624,3.1539967353026332,1.86781543326457,1.2705281425910335,2.885996440591152,1.8386883207252103,1.686813047192816,0.9679614739391402,2.3876055233931437,3.0443567246158696,1.055589363253525
2020-05-07,1.6612894895674737,3.217632264645605,2.0320463672084164,1.3320592438431726,3.0462981982050272,1.9367906429611028,1.8075991329476901,1.0001236954672263,2.4581388912941042,3.1505845856559396,1.0894899200667219
2020-05-14,1.5308700522349852,3.0487282741938606,1.794977002407891,1.2792849882977926,2.820242346489681,1.8912663341427256,1.7701079669429562,0.9065393589432462,2.365100286532218,2.8825618980300725,1.028523684902545
2020-05-21,1.5427650295506776,3.1197439250735552,1.7850790383759834,1.3423275278661229,2.680217085437924,6.540475730115245,1.77901216761427,0.9599752279740088,2.482833903304409,2.939832109548565,1.0137130666783911
2020-06-04,1.6203613828303856,3.332642019426858,1.8375783884210377,1.4171162899156307,2.8430672865847977,6.320261144587129,1.7890647986303663,0.9887061872611522,2.606456361654283,3.116583858738409,1.0340324199843454
2020-06-11,1.6203613828303856,3.332642019426858,1.8375783884210377,1.4171162899156307,2.8430672865847977,6.292829696587868,1.7890647986303663,0.9887061872611522,2.606456361654283,3.116583858738409,1.0340324199843454
2020-06-18,1.6786844187853567,3.537760221846135,1.8640403931676905,1.4667884944721878,2.868331060203866,6.260031775772162,1.8432634724916095,0.9425856898227946,2.6218115463908016,3.1103178349499037,1.0485242502470347
2020-06-25,1.693638908016853,3.574091264373039,1.9570075351126635,1.4794624649784813,2.9706304591983055,6.2360828863322535,1.907628269272396,0.9388662145485425,2.6477436768263694,3.108106502415266,1.0534399576544662
2020-07-02,1.6778155843323497,3.6781245978031416,1.9502672932435747,1.5054377243286767,3.030265487979904,6.167641891442932,1.9144140285807836,0.9506653988328051,2.6407103665313727,3.126125955371659,1.0627035832739296
2020-07-08,1.6778155843323497,3.6781245978031416,1.9502672932435747,1.5054377243286767,3.030265487979904,6.167641891442932,1.9144140285807836,0.9506653988328051,2.6407103665313727,3.126125955371659,1.0627035832739296
2020-07-09,1.646424613558702,3.57260193105007,1.950880843917686,1.4642132837573567,3.081233977292447,6.155976991240399,1.9128031988491618,0.9417898555576723,2.603071301140553,3.2010656087494613,1.0423182410150245
2020-07-16,1.6348984997886487,3.5761505315440916,2.024697800226361,1.4819272828716743,3.094653781959164,6.104903249430969,1.9887222055208782,0.9336955604763877,2.6194755861027925,3.360912262585124,1.0506939994033644
2020-07-23,1.6482419052177586,3.6854069448604965,2.095317997101327,1.4785281731199096,3.13527202069575,5.971763052803634,2.0759121514358583,0.9216731651496755,2.6173354458374756,3.527602920337297,1.0610961413756037
2020-07-28,1.6403111597332887,3.7116105132775083,2.108996834162428,1.470020365830789,3.155943896535911,5.9220959444503345,2.064494021014522,0.9153012067481201,2.557525129887193,3.9042413200650943,1.0709485297116925
2020-08-06,1.6431806408834606,3.7138677392185726,2.089525662725424,1.4657099094998405,3.1054383625482953,6.012492350111398,2.108988167845702,0.9281060045062162,2.575522770192943,4.289286770398958,1.0678913651517723
2020-08-13,1.6607299160912476,3.6918285138748677,2.145865177898474,1.4732506881911398,3.127053277915224,5.959486406050043,2.1713776229602595,0.9297188500869386,2.580695647785081,4.340477600307621,1.06922975852056
2020-08-20,1.671587945091617,3.7306894128724486,2.194758985202118,1.4692740975533045,3.173830012720962,5.904657358173959,2.216219546360189,0.9191741589808929,2.577621385801382,4.501743834476357,1.0780032709517995
2020-08-27,1.7377230666021355,3.7663813468881617,2.1796749352034657,1.5013183452318482,3.372824939238289,5.228031457646449,2.2357681048307136,0.9271694706892467,2.572816637938263,4.5223022364995105,1.1053556219982408
2020-09-03,1.796551321458323,3.7621763923519724,2.1843676913065884,1.5079202780558274,3.367309854309549,5.207429426788985,2.234972973118906,0.9292042566731038,2.5715507777930076,4.613013518058335,1.1034974959336163
2020-09-10,1.810309754483797,3.80776572949882,2.1879547708989238,1.5095468135027386,3.516444735592562,5.315959545310342,2.271043833161672,0.92859616543384,2.5690429100044656,4.766111872219305,1.1104788994170425
2020-09-17,1.7994837772121082,3.842940772394474,2.229132045514049,1.5106478354173034,3.5292806604862483,5.607732064611009,2.3278150192255453,0.9328874130981302,2.5945472237477056,5.000949907364617,1.1362602887828717
2020-09-24,1.8018462290624175,3.862332291407494,2.260952980070683,1.5230750556409904,3.619304955978566,5.680431883505929,2.369717787089335,0.9334853665113965,2.6536956466559425,5.398454553237161,1.145338439709913
2020-10-01,1.8466681917619001,3.9587083585083733,2.284209031171278,1.5310704205624837,3.7284265840118196,5.336272221656886,2.4936345313846457,0.9369698149862093,2.7130675503743804,5.1404415708146995,1.1531478972960947
2020-10-08,1.8105472036881787,3.860993248501994,2.300132002245999,1.5175647480727827,3.7418120208523487,5.333231817620902,2.429251505804058,0.9351368388554576,2.658718691907274,5.217247292571481,1.1506229849081764
2020-10-15,1.8018839923109111,3.8144586953021897,2.3457119497305254,1.5191818445332264,3.8454021960042835,5.614354607185125,2.4518077888689933,0.9359459438488493,2.694210270678163,5.208560077881747,1.1699081585969
2020-10-22,1.8247149371742417,3.9211100146394804,2.35051040005309,1.5289815229708081,3.8480596944059875,5.5099460151234805,2.5853149360858203,0.9383895651304689,2.7861946917433102,5.173728617041056,1.1654650217852232
2020-10-29,1.8680244198664846,3.945093493604363,2.3875613066162313,1.53031801947563,3.9148415155499356,5.577597220732084,2.5598234268101843,0.9384066523960999,2.9123567831897095,5.705663467792207,1.173130520765831
2020-11-05,1.8482524913161913,4.001876133675216,2.3564291127499857,1.5295140405770478,3.831343205463006,5.8411696197225735,2.5858719021678733,0.9392360912157093,2.9261338368800733,6.415519188642543,1.1610568235470395
2020-11-12,1.7825134094654644,3.6692470331777107,2.1941993930187667,1.5014192431808675,3.5270381179172334,5.830690471251289,2.40249028716048,0.92940905820235,2.7240627202173737,5.783964784496067,1.1119026166435866
2020-11-19,1.8290999479612597,3.686769227833509,2.248432174575715,1.505644108239507,3.661016715654423,5.706442787444071,2.535580723220915,0.9302218642715461,2.7851371257449955,6.418836377742527,1.1165609131905425
2020-11-26,1.9088575243106427,3.7003099550625165,2.307911320865963,1.5230560399648128,3.8049784325839764,5.7493726982576066,2.5234880637423323,0.931450607917524,2.8808126349967496,7.233605270842215,1.1301393143362484
2020-12-03,1.9496178366654375,3.743907221639935,2.357749802791318,1.5234678861823847,3.771860088693612,5.877949652339198,2.5072490292720264,0.9331020393777182,2.9076962968581794,7.250478794310536,1.1349971527432068
2020-12-10,1.9725404876635897,3.699320518376488,2.3582008089327227,1.5289656411250885,3.7636848997508734,5.803759563679842,2.800830846937662,0.9333035694563452,2.926746771539082,6.928252605002832,1.143594019091603
2020-12-17,1.9589566130634222,3.731578292349569,2.3944529911246883,1.529845507888427,3.816223312450859,5.8416915594587095,2.794259073839752,0.9330758289754153,2.909796296154168,7.109023259431558,1.1460456292748138
2020-12-24,1.9557732118494071,3.606616819873205,2.4009035323116876,1.535690294004907,3.749518393832366,5.9138273849389575,2.789417562444086,0.9332871602149873,2.8881796756312794,6.985125996503621,1.1458146870574764
2020-12-31,1.951030291527589,3.6407889304543177,2.43500498863825,1.5679042381516335,3.859654443711053,5.935949991045108,2.7839328881996064,0.9348954790813081,2.9013954209534023,6.9125058731616,1.1482176952534096
2021-01-07,1.9702790600808182,3.6428715790795305,2.4206123021367114,1.5577124978610049,3.7656690341804664,5.8608780004304295,2.773202703946917,0.9338454622373414,2.878383235907728,6.646752892074981,1.140686162437233
2021-01-14,1.9622473676747865,3.61206016736129,2.476319315184348,1.5461774424637955,3.8115317515334968,5.859016180973475,2.8546169665920544,0.9351002096410787,2.884780444585668,6.646752892074981,1.14540908740889
2021-01-21,1.9658963697058196,3.5929951833038407,2.490197832810825,1.5568963600299737,3.810904402174534,5.850964110588642,2.9123982378086004,0.9340864626314663,2.9481407908035524,6.646752892074981,1.1381591439908554
2021-01-28,2.00663001489449,3.615277747666902,2.5470831375902283,1.5721571314817626,3.7766727437507974,5.94514680508929,2.9589517184326897,0.935314944229322,2.9841566795350043,6.646752892074981,1.1436489826813194
2021-02-04,2.0021105812053728,3.535285151454915,2.554423991220988,1.5725930228306086,3.729493175343546,6.052260796547063,2.9838407415044323,0.9351168566207455,2.945208915864473,6.646752892074981,1.1445354511227637
2021-02-11,1.969692917437551,3.2772181629946235,2.533273622941708,1.5696206045192196,3.7453605220539545,6.194473344814705,2.9763264704837415,0.9343143674497825,2.973511634147923,6.646752892074981,1.1441444262391443
2021-02-18,1.8991803265361256,3.207399218551211,2.4816950857452,1.5646190110168625,3.597290407294629,6.369037073504407,2.922458650131015,0.9314344469908481,2.949949137617157,6.646752892074981,1.1126282871862
2021-02-25,1.8859273078044783,3.222539708343902,2.4582250004741937,1.5846134334627602,3.678315788827295,6.330640886193382,2.9736849371009573,0.9332805977434061,3.0268612424541828,6.646752892074981,1.1256760136099244
2021-03-04,1.9074678946401002,3.1971728557593466,2.499528181213258,1.5909861879094003,3.7129155901353426,6.49353511661959,3.034202017817337,0.9345257816446023,3.0234354944309794,6.646752892074981,1.142187527573061
2021-03-11,1.976053014146498,3.1497321331044876,2.4652780585961582,1.603034964986341,3.6740191466363616,6.515390118573218,3.0819186293933574,0.937191516313707,2.699442646443254,6.646752892074981,1.142036268295419
2021-03-18,1.9773099553235456,3.14041454211265,2.5028868580780865,1.5868569241698058,3.7480012966486798,6.3418395012691375,3.1364671512124622,0.9365467936088318,2.6237694088993258,6.646752892074981,1.1554203152401843
2021-03-25,2.1190832445356333,3.159439645061868,2.471475755503652,1.5921130223735331,3.764443331510144,6.380372808199464,3.2468443794125865,0.9367819132552145,2.7090049477389573,6.646752892074981,1.1576123633808844
2021-04-01,2.0537597272707107,3.212342105817886,2.4787452971353994,1.916057168408118,3.761600184632845,6.349539818260386,3.283574598330663,0.9347239377443988,2.6492809197904568,6.646752892074981,1.1717147035342568
2021-04-08,2.0361055762242346,3.2107971466074114,2.4670163581652824,1.8935159699403181,3.7849372181300684,6.280983981711557,3.1993144602245076,0.9376011193721995,2.6618824453374774,6.646752892074981,1.1757336683757413
2021-04-15,2.1837344431753554,3.2981644881638585,2.5029274190322788,2.0219306370932952,3.7765282591133906,6.025738587907509,3.6090899669182037,0.9429068035071462,2.8410093306093707,6.646752892074981,1.1872860877837836
2021-04-22,2.396661063218341,3.3966240415577236,2.4776756770279396,2.0689522732778114,3.848383963164034,6.179561862062088,3.731286502596436,0.44799827314010926,2.8589689180968705,6.646752892074981,1.2024938614258058
2021-04-29,2.370597806633617,3.3986121525546644,2.4497300841654512,2.0842107660480074,3.951533169160231,6.29302951050924,3.7908315555822565,0.4476463987345174,2.7819949765698504,5.3406196183457455,1.2179114721365707
2021-05-06,2.4020739624851237,3.396404695933676,2.453515277604478,2.1235247296976265,4.099836304075343,6.3115474751703085,3.8476827969793503,0.4624177102412761,2.8624302861746678,5.233107726528301,1.2183788529217796
2021-05-10,2.4934283228694025,3.4379950709916804,2.462253407215518,2.2284258744338046,4.137076068978743,6.397355269361933,3.9068532633307136,0.47332630305460466,2.9030501602196543,5.0472310437374714,1.2391808222512226
2021-05-20,2.44115832407146,3.4252860894125368,2.441003604096773,2.2516075436117298,4.151540737141897,6.387886339672669,3.9599912192119167,0.4366012561606328,2.7959186531439055,5.073665423682024,1.247509122228133
2021-05-27,2.4369400114270054,3.43349444083577,2.458496045240384,2.275366689631551,4.376394511443747,6.329946347152447,4.017576325463775,0.438994847422809,2.80804639690678,5.110006230112398,1.2613377399712762
2021-06-03,2.4558817819183503,3.4274833289090907,2.460369983399125,2.2605413113637756,4.290087221880282,6.274494029172903,4.044501551355387,0.44444228950719566,2.816020928604237,5.248860122485525,1.2563135871239248
2021-06-10,2.489546969515538,3.4473528835258893,2.5056403850785203,2.3084597313579662,4.4324576272701,6.241525395802218,4.099137275736995,0.45209340699649836,2.8465709841155387,5.297469784682301,1.2622220217134295
2021-06-17,2.506491100131925,3.4855518467955817,2.5041134663335294,2.3544346346457456,4.677961485567729,6.241841849602812,4.072173444129506,0.462167104278218,3.077961456878466,5.35406624726586,1.2658623174946784
2021-06-24,2.521988226515788,3.692590391919715,2.5148898222617992,2.3525615233925254,4.858522940681594,6.239158423290824,4.334628838953234,0.4566047345398025,3.064143993734644,5.464904608500598,1.2663787568148261
2021-07-01,2.5890999841341333,3.673721116331778,2.5063550635001373,2.3121653410397567,4.987542762646663,6.256361237154559,4.320802038056968,0.45634134944271276,2.9921682104365876,5.4715601214217955,1.2654854121798995
2021-07-08,2.6252212938067405,3.697052614541108,2.4992958214171357,2.3062829797510513,5.274396742379521,6.219351281003977,4.285788538398434,0.45175828068090373,3.000115746581872,5.766471788732642,1.267666811189503
2021-07-15,2.649629359925576,3.676400226377894,2.5046134593523854,2.34173881636302,5.038155334180767,6.215907786678364,4.321144488294562,0.45067161781075404,2.9829688593245485,6.029175320008148,1.2691234334432822
2021-07-29,2.592441527977706,3.573776788141564,2.4864850524640407,2.3238259410719904,4.968178218608018,6.0785837808469845,4.2645288051315875,0.4614110898774858,2.920759512689075,6.549652399102233,1.2543940584144804
2021-08-05,2.577488280009385,3.4793037668943407,2.4814835604054686,2.33743807506698,4.811505292104137,6.178752213161109,4.316542470789979,0.4628306958271481,2.877448559692991,6.5905671808979225,1.2724842863145331
2021-08-12,2.577488280009385,3.4793037668943407,2.4814835604054686,2.33743807506698,4.811505292104137,6.213153361075077,4.3254486945260675,0.4628306958271481,2.877448559692991,6.5905671808979225,1.272109740538485
2021-08-19,2.6083009932004373,3.5376116789233003,2.507219069461124,2.4200333943494328,5.038007872832079,6.18094608957306,4.43879037468383,0.48174564066461784,3.0184080653595418,6.462507290033736,1.2890833043479641
2021-08-26,2.7313802892129893,3.441120451764711,2.493440257518698,2.434402328206224,4.974922971266692,6.56206509802719,4.648819696442997,0.4853203846372683,3.084920586472364,6.5986555613670586,1.2883497517223927
2021-09-02,2.9319733917294584,3.390329752321895,2.4444962235055727,2.5095366345146806,5.025523489798099,6.680595353380052,4.732390829339255,0.4999279990203816,3.0532022883327326,6.512504835154074,1.2949480466895125
2021-09-09,2.9334789272652704,3.3391199939393776,2.417097390795499,2.476137729240659,4.934519080989549,6.550095349087884,4.542756527902107,0.49451341511424396,2.95615804536389,6.487154002293495,1.28552774306701
2021-09-16,2.9042414725457437,3.3546125819938495,2.4055433842726064,2.444173569697526,4.954535748198366,6.744628778520961,4.571288063340324,0.5006624671348624,2.9337346338574077,6.467263337080484,1.282156022624822
2021-09-22,2.9451646532036704,3.411729763626785,2.4144652248142537,2.5047430746442747,5.161394772986722,6.878852205218486,4.551919970889051,0.5313479930120114,2.9835890952019635,6.721355680493341,1.3047052565321562
2021-09-30,2.992205112364408,3.377434013365081,2.4189990229772453,2.5495167926293014,5.172535958415803,6.910067512028853,4.468479758279342,0.5258086779206174,3.031620720621974,6.777880611505314,1.3038365922538293
2021-10-07,2.982939471270984,3.3890992433655214,2.4090267198890047,2.6047918313210925,5.103294747870904,6.917558252869373,4.44539327965371,0.5372260224194739,2.973209849175455,6.636079306545707,1.2875813740306727
2021-10-14,2.913149846586439,3.3329537488677317,2.380164234290044,2.6257324896103826,5.125086835036908,6.886726207518753,4.4642433663451895,0.5183043660118843,2.933371205663125,6.532587916112973,1.287236659404514
2021-10-21,2.974380356253609,3.3181521728055468,2.3847992948204317,2.8066059113651076,5.116394416478501,6.894951676482674,4.409919049341644,0.5167472876463851,2.879428920861092,6.5548178641409525,1.2886938812872188
2021-10-28,3.108583836414248,3.2656114536326637,2.308190140106596,2.7736168925310305,5.015874424836705,6.9335012221479895,4.3685908417652,0.5209467953525994,2.774501254436406,6.47299175983242,1.281462471744993
2021-11-04,3.1559254183259338,3.218481965388539,2.3152632991903728,2.9196357240416053,5.002307206766461,6.967131249889397,4.312618881545719,0.5191151480474228,2.6931229920843185,6.30189583832983,1.2660336503360963
2021-11-11,3.279232737661725,3.2380866340416774,2.3140252606975866,2.9367168982615017,5.065356046809393,6.933682488299094,4.417478509081162,0.5269134412302817,2.7112369667633893,6.388677395311152,1.2776028857753208
2021-11-18,3.235293728039506,3.197817242039168,2.293634981380627,2.7989758047319744,5.122351515514029,6.866186132460436,4.4252306924159175,0.5428617832546666,2.684197339048556,6.1561765392092616,1.2799897425666174
2021-11-25,3.284267636110162,3.181095733492696,2.2695241244056086,2.7516308338543083,5.1025054352546215,6.874297018320725,4.3041955105904615,0.5349106393225224,2.6803981966889676,6.121740509437044,1.274028709693998
2021-12-02,3.449020090535669,3.1564274412250697,2.2727401227623054,2.7738688778627116,5.067415433871451,6.8819937127036255,4.210177938575316,0.5054580820120268,2.638290705946175,5.984540241384892,1.2587611251618165
2021-12-09,3.372030569020835,3.1106281597767,2.2731919100136944,2.7103855651043376,4.992772892585604,6.832687578986832,4.191183716801955,0.49910364200317775,2.6669549976686535,5.881037149788991,1.259017308379022
2021-12-16,3.2273613059698256,2.993178766185368,2.242475324437976,2.604252084903267,4.944417753425792,6.789568226678869,4.183879989005945,0.4788851728374781,2.6241598652483233,5.973861580103108,1.2392583341096002
2021-12-23,3.093031371506572,2.8911230347296946,2.160300971770752,2.454143782752351,4.960319950163756,6.742816417548906,4.156325426420212,0.4589500273398012,2.624389130894882,5.898348628698823,1.2282778144047661
2021-12-30,3.0897808254490866,2.982837705840846,2.196299459507721,2.454385441317349,4.926668326455488,6.722135825614825,4.220374995038839,0.4657234238345238,2.5503098368518624,5.681991516914414,1.2571973819225888
2022-01-06,3.2078157670525886,2.9727413924708705,2.2126088887881314,2.6072750281854833,5.097431346756533,6.740499314562271,4.3465446458156425,0.4758176331640098,2.5682248962717145,5.689750149347741,1.2693550208755608
2022-01-13,3.2301264379243273,2.952134121662349,2.199349936109612,2.5817972867820136,5.067748897979463,6.724567524318627,4.337243406819978,0.4624246997638729,2.5794894700664983,5.69251352339222,1.2716705388424248
2022-01-20,3.2464009493121218,2.923359845190309,2.1768834446067387,2.5821501685684103,5.239980338749719,6.708083881507175,4.393220879917007,0.4621962111175814,2.592074680721911,5.935861614733613,1.2624895152219104
2022-01-27,3.318011807715708,2.9264385457273447,2.1849397417781997,2.5897751193716854,5.364645277606901,6.75548282272079,4.670875209775537,0.4652221328449695,2.58979660855023,6.089834058534503,1.285305071451065
2022-02-03,3.567712194708569,3.0233711374804173,2.2243495708923477,2.7423121123905854,5.605174678065714,6.809857336132145,4.805902092644308,0.48488580471345777,2.6113604468369602,6.174995374889298,1.2928655093120338
2022-02-10,3.61225530658591,3.0465590507657834,2.2472441713061837,2.8147211001820107,5.565841761449989,6.753137598432579,4.837893537374422,0.48580728405034823,2.7897593279601027,6.150218865020358,1.299968926094147
2022-02-17,3.5777243144411637,3.13483634959831,2.228254635853079,2.6100076991172676,5.696038568342647,6.73543853491842,4.821951751916281,0.4970397633674218,2.7011277392733657,6.0126949055311085,1.2933355740906516
2022-02-24,2.8091437678176856,3.144110698678504,2.236945683162604,2.491021647089702,5.53465116646858,6.788597075266737,4.995456667014308,0.4968075262247691,2.817477903321615,6.101179036852358,1.292656258302638
2022-03-03,2.771325912492322,3.221053779023142,2.275752196669532,2.5265426378113505,5.549279599843205,6.771927488508549,5.0384010895535685,0.5005098138561012,2.8377955409140148,6.065858251448698,1.300973807762463
2022-03-10,2.7965992306776895,3.2652681157113714,2.2425022049272747,2.500599749019249,5.603469438091576,6.803460223844341,5.049043955827346,0.503128904880088,2.8482037799686566,6.038725218134096,1.2982719815314119
2022-03-17,2.7237468780905125,3.1784024684056704,2.2167427497691734,2.4668436722338623,5.486726191680173,6.751379920515796,4.958645412551545,0.5072959044765954,2.5812726674340056,5.862676650252365,1.2891041157807293
2022-03-24,2.7508019006080224,3.291412711384977,2.267121055854471,2.721166815318029,5.621261141571559,6.955078897349818,4.995015495476957,0.5352286548098448,2.59110229971919,5.822855804420553,1.3108059479474459
2022-03-31,2.719560251401678,3.216519606773508,2.43586385957421,2.6936555286989114,5.597107047297216,7.045269242991946,5.0411927182237415,0.5575918779657631,2.599601946092632,5.7702159148079035,1.3108293776520767
2022-04-07,2.771204604169686,3.2885193878614913,2.4280547913160953,2.667118816066231,5.613870821667408,7.0600602583402665,4.9260376611882775,0.4881495088302678,2.6605494028073413,5.734558548090058,1.3175097078467386
2022-04-14,2.804583053280608,3.2647046309274446,2.462279575495269,2.7378047445777938,5.523361433139935,7.122962260706165,5.1492880454723915,0.4844327849380996,2.6055594216780857,5.744059624762975,1.3250276516614348
2022-04-21,2.8342957145610037,3.3315482276738604,2.6005771527995454,2.7406246676217036,5.288019560309919,7.139938099994081,5.092379431661438,0.4906419396781567,2.60924538886425,5.616338743518109,1.2901428651633584
2022-04-28,2.909484695073217,3.3613201942099837,2.5905256818820264,2.813048509709098,5.359497359360411,7.170243097484389,5.263891958501487,0.4945510711045066,2.7350184158673074,5.420398681946771,1.2995618557410933
2022-05-12,3.042823824629594,3.372929021022003,2.621951020292435,2.8294212994168397,5.507753171499652,7.116369585035339,5.590772694442573,0.4958162135443536,2.7556307957538744,6.4715651185476295,1.46266320781693
2022-05-19,3.06628557015706,3.3126666518513597,2.5959946798395612,2.7560857735328934,5.367219335471587,6.978973824343117,5.695661248178658,0.4952714564932309,2.7200173768920153,6.364252834003134,1.4317036597804065
2022-05-26,3.111425323855156,3.30780461435379,2.5901601705607384,2.7415906785690556,5.290783879114139,6.7656524807881375,5.624648219441957,0.4971638328532579,2.7824279791576765,6.272233926758751,1.4371316367451719
2022-06-02,3.111425323855156,3.303439359805433,2.5901601705607384,2.7415906785690556,5.290783879114139,6.6502571323982425,5.595010255260781,0.4971638328532579,2.7824279791576765,6.272233926758751,1.4368520419881226
2022-06-09,2.8150090854128074,3.3160140369642432,2.4983118506323296,2.513534164789679,4.97530421625431,6.596741961713536,5.389617223275083,0.4883285201328006,2.623622606857256,5.9852952844959315,1.3770338474641328
2022-06-16,2.6888759629186922,3.3220875819568025,2.435980182070618,2.444096002539349,4.954449371686062,6.647148689231741,5.374187970652314,0.4345846065797358,2.5046906649506107,5.669578553422377,1.330848496635701
2022-06-23,2.7099876917573584,3.3030993617732016,2.3895382108098118,2.4400603059823878,4.799209681625112,6.716273571811745,5.292010000304989,0.4582055335054536,2.4995241121838045,5.642628533282811,1.350692201647692
2022-06-30,2.7605824113243123,3.353985627095719,2.4107961719268243,2.411786110799354,4.738514261749478,6.759669262720085,5.348935258056983,0.44548608923873334,2.4735790807789297,5.747088365440293,1.4297307345879189
2022-07-06,2.744625392260247,3.384291188042373,2.3613815795726025,2.445591747287697,4.719479641238381,6.806084132826565,5.328405529848956,0.4534954590436085,2.431173541463477,5.643551700413856,1.4316908944660858
2022-07-14,2.5635410801996987,3.2370834266528976,2.1754956776052037,2.2506322547061903,4.516205485412955,6.955693128209602,5.118289777363354,0.423224544906667,2.4231414347242173,4.636375253000151,1.3894824367961383
2022-07-21,2.438341418318793,3.1857487519380014,2.086503107107632,2.1270645504803882,4.4127298242659965,6.965056869142648,4.979815812347027,0.4212875438576887,2.3101570824608673,4.121721658536276,1.3433940010002743
2022-07-28,2.476379239955225,3.181880439005318,2.1405059678441054,2.1862374577425077,4.337948187704744,6.973894242120545,5.14679524262422,0.44297665886048004,2.3105733415763705,3.9026665022346334,1.2500567736174586
2022-08-04,2.483656623501058,3.198061805779299,2.1288284068722945,2.0863652148862553,4.217046232576816,6.983227821575123,5.096017396265315,0.43722785204301323,2.322723221563468,3.859873350717349,1.2630216619491323
2022-08-11,2.4514594866240085,3.1472236693096316,2.097217670853109,1.9500583474695523,4.030370378658061,7.0486791004684175,5.225465966220448,0.4271031397894733,2.378580726672053,3.931061764352758,1.2381701606897917
2022-08-18,2.6640645580490503,3.144540218973117,2.224659476081136,2.132144664996142,4.309270070917385,7.147024736058757,5.3309308499609,0.4471332388975556,2.4104632548617904,4.2578806861712515,1.289657217172794
2022-08-25,2.6827927920476338,3.207117110147812,2.272177297666929,2.1689479438084556,4.454680417926493,7.791854615124972,5.350530058678093,0.45091805480599634,2.408456552654943,4.273288470364381,1.3165160911310243
2022-09-01,2.677181968214739,3.253902823845409,2.304371454528227,2.249459055757287,4.513996134044884,8.328496553921443,5.370746942568684,0.4706469510018197,2.46048015558429,4.664793127309639,1.3348656303303086
2022-09-08,2.7027497621269534,3.327434664950691,2.3488315618828883,2.3868067348755044,4.48885261235327,7.764641631375361,5.390950126421986,0.4741134169506788,2.4999825715600887,4.802587765661742,1.342756519272565
2022-09-13,2.7027497621269534,3.327434664950691,2.3488315618828883,2.3868067348755044,4.48885261235327,7.764641631375361,5.390950126421986,0.4741134169506788,2.4999825715600887,4.802587765661742,1.342756519272565
2022-09-15,2.7383961660787146,3.3131158433351464,2.3906713007156317,2.4330689435547823,4.718219530404332,7.886183376124251,5.2360268857761785,0.48827956749069673,2.521796270344454,4.844939892103898,1.3945742848652978
2022-09-21,2.7471805897314074,3.3227800340805222,2.3800723162591573,2.42663589614737,4.740587788915801,7.237863184195647,5.356580946148357,0.4908478395375283,2.5009827700157663,4.809733110243403,1.350933053738191
2022-09-29,2.631527959003224,3.2723247437714615,2.34114781767369,2.3522831662244297,4.594961582543609,7.300503599986086,5.278232175080653,0.48111632486693523,2.4092098890266724,4.676481934717453,1.4606534791452357
2022-10-06,2.5603278649976025,3.247859338459687,2.3071235640044163,2.2598528593652087,4.544639984371512,7.242926949648148,5.104771303510913,0.473143429427721,2.3781324997126245,4.503577682703516,1.4332816355350215
2022-10-13,2.5800773107547053,3.3041858017711605,2.279480734202706,2.1993081823406957,4.4468228874168725,7.265994956944834,5.211686516342745,0.4798391287396547,2.377920742505026,4.692904862561701,1.4344929803448525
2022-10-20,2.4879074973043394,3.229337687657635,2.21426630030947,2.1276208561577565,4.4775902155026275,7.238375911727193,5.244246689641082,0.4653073191519139,2.2931906632038754,4.436074134896008,1.3930854574426212
2022-10-27,2.4372201946917946,3.1843272725726317,2.22097428322442,2.128075781915164,4.348698996756302,7.5328539593917165,5.291054371961703,0.46555008168746775,2.339668452706102,4.4141396658588805,1.4093600533961013
2022-11-03,2.5214177849973596,3.2767911485131904,2.241611407345906,2.2332182384666073,4.606006692094249,7.56564812575792,5.440475740622804,0.4908515028954429,2.338169440873204,4.709829373915134,1.478766600894274
2022-11-10,2.4218761951125343,3.215293261419042,2.2061793310144675,2.1735285757055265,4.342174345233035,7.524119696816619,5.49817107734268,0.4886348006993494,2.2781963619943615,4.627521981164006,1.462176820522632
2022-11-17,2.600159977547242,3.2898072215456096,2.381375248274386,2.2564434385214054,4.479181624180156,7.37392236589837,5.513307778319411,0.49187120313377447,2.354939720531354,4.778614703132036,1.4994849148618326
2022-11-24,2.538132195787411,3.2320402483888913,2.3389872171557844,2.2043012956570753,4.384248693836674,7.518832620590697,5.5735790311571565,0.49931072229726736,2.414691947835665,4.712673004469941,1.4401385479454587
2022-12-01,2.482714053710784,3.228135726928963,2.2936171174306588,2.074145352289671,4.304245061455989,7.414659567831424,5.3829578287105955,0.48317119604689196,2.3648924428562474,4.586265689909339,1.3467705962460492
2022-12-08,2.4598073443126554,3.249180762360967,2.253574140945353,2.0132428056514944,4.278848372895252,7.427395824430859,5.1012940155579685,0.46848705653317557,2.3037724767278376,4.340643339100837,1.3033494961091805
2022-12-15,2.4371126714240883,3.305281586145562,2.2942703204976658,1.9966806670119392,4.246537610736388,7.104217826524432,5.29202102676894,0.4820072311854827,2.2787211486726844,4.2816454742443915,1.327996137150043
2022-12-22,2.3933129688764625,3.2059309628548673,2.2352339054852597,1.9327258308225101,4.234737551810041,6.869311840162843,5.238303045648496,0.4822239883925584,2.3206548316631177,4.325382015364333,1.3011537032065743
2022-12-29,2.318998120891939,3.1651556775329963,2.2228969121727693,1.9798824905043553,4.247804364109501,7.145479881932907,5.493128867873964,0.455102456916829,2.27409714987897,4.3813542135297086,1.2998002173094803
2023-01-05,2.149347120667813,3.0649914181364264,2.1443404390379914,1.9320128084229933,4.182220414258673,6.986089372641406,5.303067977774899,0.44154613440211743,2.1843604392883305,4.215862018053423,1.2417016733926014
2023-01-12,2.1729923097262738,3.0979363740896138,2.1519245307349526,1.8990581603080512,4.060540323663005,6.6884409925661465,5.374215324393755,0.44415653111909736,2.14044775024235,4.168618948883936,1.2020658228849561
2023-01-19,2.1438228537291355,3.0660014427281697,2.139321740029265,1.9252969562157598,4.031386446505446,7.102725836837078,5.314785539303398,0.4333614237822106,2.1374939730860034,4.211069998193923,1.1848958477425648
2023-01-26,2.216294424364937,3.0820867294050087,2.197897843842858,1.9897790998966913,4.07658970215557,7.294121894978729,5.513174573671069,0.43653562442362764,2.1911508503952386,4.174815744898236,1.1698630799267606
2023-02-02,2.2097462774899355,3.0960753519427056,2.2922935332368413,2.0228269616941676,4.163366531414982,7.3012228084181094,5.513174573671069,0.436145696208611,2.236027388511135,4.245035504509914,1.2033540728453245
2023-02-09,2.2350830211541335,3.1651027720199587,2.329420232409223,2.122971276933439,4.21293276080411,7.510412176446905,5.513174573671069,0.4421956889226186,2.2638955908269365,4.326787920214853,1.2316121768128652
2023-02-16,2.2095923202441003,3.211436954132715,2.2599352287312486,2.1207216652942993,4.205924962953278,7.279942609193361,5.513174573671069,0.44068113935552417,2.255907093943458,4.308088103332744,1.2132117773284041
2023-02-23,2.258731224221233,3.114113928759122,2.2722719121472505,2.14828562851924,4.224738091847723,7.231765359353708,5.513174573671069,0.4383796119572477,2.2519358563973655,4.365496718381637,1.2366628188503552
2023-03-02,2.053148237325713,3.1490305569646484,2.191196653301966,2.0116491225522015,4.162254034573243,6.841311923425425,5.513174573671069,0.43809448374588217,2.221790516050094,4.313350220523173,1.2836189972729244
2023-03-09,1.9502196451873026,3.041520112338182,2.1996899270453185,1.9826761235609278,4.105819815997795,6.742893000830026,5.513174573671069,0.43182313350229634,2.178966924639021,4.379889743390482,1.2824773052779086
2023-03-16,1.939659914974935,3.1760342941279713,2.1702749787286293,1.9596652737720037,4.195846060107442,6.749634690098378,5.513174573671069,0.4277065176243497,2.1900446009264476,4.443739960701835,1.28486523350729
2023-03-23,1.8475369887943154,3.110324865894869,2.1615898908423015,1.8838290435564136,4.105254201707206,6.642756164795947,5.513174573671069,0.406804114194328,2.034646462455886,4.1944158459752385,1.2453137763685467
2023-03-30,1.8774297206340105,3.0165937088001966,2.214511876075302,1.8059940599192088,4.24988467773117,6.615267454173885,5.513174573671069,0.4174029723720052,2.1329232116279004,4.191388462605562,1.2918674604140203
2023-04-06,1.9060406513250414,3.1055246188498646,2.2025989093918823,1.8226458741597849,4.193869707401922,6.650550101763089,5.513174573671069,0.4328430302103591,2.2343066554070967,4.405922510059703,1.3131125477093337
2023-04-13,1.7719962278469128,3.026092415125071,2.237778492142237,1.7505928576364735,4.145821965201742,6.0663659183425,5.513174573671069,0.41626752552071455,2.1760028865878587,4.389974085147261,1.2923264330061932
2023-04-17,1.8852166299672224,3.058267542706511,2.274647968280296,1.8224206041467366,4.2968859635864405,6.182688411642985,5.513174573671069,0.4379117623887547,2.2600004296501446,4.58525423118157,1.328694281899804
2023-04-27,1.8843994232816268,3.1520151073066605,2.386951498982199,1.8240866012523669,4.186813970037551,6.001771987740142,5.513174573671069,0.44008819200561633,2.323480932483191,4.805588557549711,1.196894561791972
2023-05-04,1.9799613488748493,3.2389470362350377,2.4052497617770072,1.8677320566930418,4.251900962055545,5.948660013184518,5.513174573671069,0.43972736242947696,2.39468894419507,4.837122119135917,1.2300878082882711
2023-05-11,1.9715917263244007,3.280641452854565,2.4473591550522635,1.8792499043966875,4.276388124692904,5.93356000215211,6.03576097751504,0.44537458607220315,2.4887674683154715,5.00091682994937,1.2645616172651066
2023-05-18,1.9970156634998022,3.326997654805443,2.4532332912447354,1.8914707166535623,4.3231015393654975,5.854006790022105,6.087500178057943,0.4531233222395142,2.4874928402113596,4.996657509940917,1.2668997575973802
2023-05-25,1.97778433363962,3.4441456440144873,2.4577655225329136,1.9004091166827783,4.335509111646588,5.783718275515631,6.09050092622373,0.45816291307281093,2.611206342043339,4.996188383918137,1.2760153145926922
2023-06-01,1.9523953038545427,3.4465767163497762,2.4323446922973573,1.8464845646038275,4.267128205672207,5.759548297849339,6.07842016781247,0.461894085729643,2.542529160248049,4.991693857980229,1.258706436600864
2023-06-08,1.9945360340327665,3.475824671738687,2.470057971227552,1.903505365380419,4.2923503534517,5.493742317600892,5.882388202521947,0.43881165293943875,2.6400679657001342,5.164920581190575,1.2415816973647325
2023-06-15,2.00483578728285,3.553486777796938,2.4295258412265635,1.8839466636096862,4.277925387569622,5.4624545864830205,5.984468598538751,0.43871034862905284,2.55760762707773,5.399335578476115,1.2503042222152798
2023-06-22,1.963733326889546,3.5286253750908334,2.4746921228897425,1.8361035521556925,4.201522514946936,5.4691551023022305,5.968302888049291,0.4293069391188281,2.472568170303602,5.414411477078181,1.260728950737768
2023-07-06,1.9265160889430275,3.5244696490422087,2.475434924310176,1.794653181502054,4.492460322783225,5.628104961133974,5.997609057688579,0.41167003171989447,2.4465685731647993,5.467754576052043,1.2494470316275432
2023-07-13,1.987243927617057,3.694612788265095,2.504116201690968,1.8393671818235802,4.520545123917777,5.575527184136014,6.247691492196023,0.44186845469604746,2.5212888618288805,5.868205758204772,1.2729213219029514
2023-07-20,1.9944229586596958,3.9399532618344977,2.581420748765086,1.8213334715745773,4.565037426580813,5.673073861646101,6.692593888560211,0.4424199283119414,2.563212417148176,5.812899857460648,1.269304686644743
2023-07-27,1.9722748210954981,3.8409323147912584,2.6041177506820627,1.8195367059103407,4.498270709851944,5.676993279968582,6.673383553868887,0.43606695849778077,2.5622944847955194,5.985194500678652,1.2569438440673557
2023-08-03,1.9722748210954981,3.840001453016748,2.5951128464443363,1.8195367059103407,4.498270709851944,5.793903479927395,6.762199371467081,0.43606695849778077,2.5622944847955194,5.985194500678652,1.2569417335991369
2023-08-10,1.974336986109833,3.962250484125414,2.614909788783183,1.8449876584995804,4.484736448485755,5.7492608312354765,6.64187305444693,0.45078084183137185,2.5826993350078196,6.0670924822410175,1.273424635532097
2023-08-17,2.006130435918683,3.9974697002378883,2.5964347903626983,1.8484042344429281,4.498566772661048,5.716314880416516,6.617592072546097,0.44438024977032664,2.62343188099017,6.28501457629524,1.2646438721756097
2023-08-24,2.0322526076631835,4.00349980878229,2.577979835809498,1.8060143432692077,4.485018144753734,5.821546525338591,6.606364617443553,0.4446052627400188,2.645082068769557,6.420612584521781,1.2793169096911157
2023-08-31,2.078948892726321,4.145267852904168,2.570653107855407,1.856097134268195,4.5573794257100255,5.611349027324937,6.731519166443846,0.4411218983443217,2.6018746215580775,6.328600353768139,1.28635258775396
2023-09-07,1.9414836383743301,3.9806465023452797,2.5561107672328847,1.817246634682536,4.473267843062734,5.592375090359011,6.409960879549479,0.42224120654602115,2.434182540081988,6.258433869688871,1.3031233487824414
2023-09-14,1.9452078764114251,3.8785731565228665,2.4918291521598066,1.8145346178844135,4.377592260572982,5.77161218195035,6.345386786626161,0.412641944527165,2.4193882498466013,6.123492379546456,1.315648192563766
2023-09-21,1.9438794075309662,3.9127713773722776,2.4782515535487413,1.7935276534787887,4.340580878129961,4.386837889148046,6.164413824191689,0.41131423137356143,2.401118914615499,6.382735619739989,1.3438831893345937
2023-09-28,1.9359740355610884,3.8589853561917984,2.4863068448922254,1.7934761584679462,4.300881204630425,4.543376748095896,6.275287105031968,0.4012588547599365,2.3795823060920185,6.33290084816903,1.3447212354347753
2023-10-05,1.9493397854529793,3.851538507105896,2.4870161849742485,1.805657191894839,4.393338867172479,4.587537412767083,6.0959248991120045,0.4059707787583847,2.3756885091238855,6.314404134629459,1.3481285625909827
2023-10-12,1.8985646574612847,3.69503934102956,2.4318780134396776,1.785667128850509,4.3119667621197255,4.629972780550595,6.223582536691886,0.3873126565614682,2.319132353125946,6.0483923470096155,1.3200242495913108
2023-10-19,1.8862197459568595,3.7638858596242493,2.427347704481468,1.7741399092782635,4.249225541696635,4.658989073056835,6.129267154729684,0.3863871235086577,2.295455967455698,5.9176302133478424,1.308605171721818
2023-10-26,1.821735207732837,3.786025641774492,2.4132237742059433,1.744836688905548,4.064719885412295,4.896938804214579,6.009331550396162,0.38273155898255606,2.272889828574673,5.771605332143827,1.2767281865787339
2023-11-02,1.823896736569547,3.7729657574662667,2.395604241861135,1.7599470081556055,4.108991435019275,5.083366567180189,6.187741325332405,0.3792705867587875,2.277129588142243,5.75117957153149,1.2736406484925522
2023-11-09,1.7861789576187383,3.7781530210240413,2.3382574956675577,1.7274777265444883,4.080036555953391,4.950442538466109,6.323236737183084,0.3636786361333408,2.226641769186845,5.647388234009819,1.2437972796241827
2023-11-16,1.7511833480660122,3.546338452048686,2.307219664309433,1.728202796372394,4.0909089456963885,5.18686055799545,6.1494341169873605,0.3561826497912387,2.1734648287670977,5.387886166257828,1.2207606517693577
2023-11-23,1.75481801243153,3.5358262511110636,2.2969750507115108,1.6952518529149008,4.071600759375743,5.011613881413779,6.133956170206073,0.34720631986936373,2.2328794649818184,5.4621692760853735,1.2339186041017831
2023-11-30,1.7290386098522113,3.4399433302251246,2.25541219787855,1.6437508844140678,3.9499264261444575,4.911077242333789,6.248094475192621,0.3495027620625126,2.2201219133313854,5.160561558672645,1.2350979208362358
2023-12-07,1.8845726347320841,3.5361990163301913,2.3067996716867256,1.664925633844853,3.9951195696009885,4.880450042732852,6.242223679296741,0.34688690494784263,2.343682207288645,5.415590028638462,1.2554912283098858
2023-12-14,1.8814197976940141,3.588360654390981,2.3387664339407994,1.6621457415587975,4.051090655343293,4.989649596528179,6.457781730133295,0.3447348019927167,2.35981020875723,5.688007207310244,1.2336579215022359
2023-12-21,1.9336578515946758,3.594143187379925,2.38202925038032,1.7344854845563535,4.028540535903303,5.0080074474727105,6.626118301049781,0.36334362349540705,2.397453373791715,5.328895401283783,1.2573316132680057
2023-12-28,1.9218744068189524,3.674648319057642,2.4475135899380493,1.7110817530851383,4.120071017594187,4.982996206204824,6.5579505933024,0.3670234305895015,2.3448636327702173,5.312898554823354,1.2337499215850396
2024-01-04,1.948897709925037,3.6889817854845077,2.4679938509442665,1.7067927810888002,4.149093147184368,4.992389070732931,6.841229310414534,0.35728898462505476,2.3482126982835765,5.332354669881863,1.2423151646639505
2024-01-11,1.9421790510541335,3.8356304811437423,2.517924176898421,1.6989040474726813,4.232724069814859,5.006966126032912,7.313953274551972,0.36444644831308215,2.3449689252413615,8.21612539149066,1.2787598970612244
2024-01-18,2.0783987590777677,3.765160070950873,2.5195565923829273,1.7034948068759144,4.318550931044132,4.990553287765926,7.005777268033179,0.3671884865424042,2.3918044729769297,8.534155165894633,1.2792454354295926
2024-01-25,2.089854014757145,3.755992695605494,2.517491383352455,1.7374464248402248,4.313494279299005,5.058229786571952,6.992615858170701,0.37705911941768466,2.3979227987665706,8.487185149402046,1.2562432573400428
2024-02-01,2.1719353075562364,3.7836288392355493,2.5559367696361726,1.7859529220918449,4.542358756168099,5.0849710678890885,7.223357217997063,0.38272788511702194,2.4724600695908983,8.561904245751686,1.246312768903431
2024-02-08,2.232434879813638,4.06622664280292,2.5148623246907666,1.7995897219585804,4.731302167348504,5.08924644344859,7.438111934535035,0.6823285398445225,2.514045352573646,8.502423990558366,1.294306871679278
2024-02-15,2.2299678131140217,4.16892133457353,2.533223456276899,1.7598494562155624,4.69059531872543,5.301216884334467,7.566717140937456,0.6890778877194844,2.5122134560255365,8.454278903314538,1.299551478966214
2024-02-21,2.206548552550929,4.239829888480547,2.4669730211465204,1.7065997366420675,4.782716250747218,5.453228237826049,7.435522056131664,0.6847187767112907,2.5196037836943406,8.432234152373375,1.2518671626280942
2024-02-29,2.271124318190129,4.062081968569888,2.5116679723606543,1.7444016969410203,4.903480870190665,5.398876351558882,7.551202381982012,0.7310950011420982,2.5813883178091324,8.461380497025953,1.2986910880294205
2024-03-07,2.1541595870072343,4.074533449728909,2.3772944898868857,1.742481452945401,4.848144225478217,5.420147992574887,7.426906693064246,0.7073606261714868,2.5571064519169155,8.296572823336751,1.2436009982150111
2024-03-14,2.109802237363788,4.1609892475252,2.525702120985994,1.768516688559918,5.1693851370957065,5.313661555274394,7.649011583073095,0.73799460421658,2.5911315799552104,8.368306387648536,1.273493990012703
2024-03-21,2.123582943715369,4.258724149370756,2.5741503731664936,1.7867362418374735,5.274426048164268,5.300606911603387,7.619254717609603,0.749191494349455,2.6056123350533404,8.251723418378925,1.335840069895458
2024-03-28,2.1551047809430726,3.57358192919981,2.6435743392550157,1.7870003407341846,5.366660475274043,5.332892795578376,7.763359781031208,0.7265642712407695,2.4704393636818867,8.407836444527838,1.3751295260650398
2024-04-04,2.1374080502452175,3.448388212359535,2.647249778277406,1.851259313078766,5.4062725880609825,5.463038622573834,7.793965319102145,0.7525787174284667,2.5005673159030484,8.372157407057903,1.3785668947495253
2024-04-18,2.073353425208324,3.442598962795868,2.707543680883544,1.8551479452696227,5.448939521225009,5.24101506688873,7.725105001424421,0.774261266131207,2.404043230903122,8.111227076633316,1.3710078198048963
2024-04-25,2.076422021203494,3.4920025776681394,2.775761336326897,1.8812197972924054,5.676456583696575,5.279744786407701,7.360434247947485,0.7661156014079676,2.3414681969259497,8.253419118553174,1.4822999621028803
2024-05-02,2.1112648840968085,3.4775095819897133,2.802137896482714,1.88359071460688,5.754127336217938,5.245483097802524,7.3200052478556605,0.7952330298388153,2.328191498906352,8.945328953691623,1.496324489059707
2024-05-09,2.0624715625286014,3.4683019597583313,2.672883042971031,1.865735230203517,4.785310799306576,5.1876166882583465,7.3445395414316526,0.7924109749699888,2.306486608117909,9.2028337824653,1.2887077699338534
2024-05-16,2.0831499211604294,3.3490097832181163,2.6655548529206436,2.0091360088483916,4.638943375266454,5.176763843039365,7.087232203195698,0.8408569892315981,2.310195409547353,9.064567700887945,1.278547831207735
2024-05-23,2.0831499211604294,3.35396836081262,2.665545626943565,2.0091360088483916,4.639845504041449,5.227179920727813,7.013277569646786,0.8629724655047777,2.310195409547353,9.088113169403302,1.2787512999321275
2024-05-30,1.963438716018676,3.398612574509067,2.6608549592854445,1.9410823241068578,4.5019637452932,5.258448133637645,6.869701233245534,0.8655627574947758,2.291928652614862,9.330945969237122,1.282053836204561
2024-06-06,1.921054289140648,3.3459221370518333,2.6177407398862633,1.8616116318437317,4.374989876393823,5.207026666798057,6.705201160629129,0.8585256526180243,2.2609501244850416,8.60186434424688,1.2373704433685528
2024-06-13,1.9453431743147882,3.389218245667984,2.736289257197543,1.9039704764885572,4.448837787941353,5.184858925658408,6.637087781248331,0.8465020431365893,2.220403278490399,8.826386551546529,1.2451141897382172
